$FREQUENCY =   0.2000000E+02,,,,,,
720,4.40E-04,-9.98E-01,-2.59E-04,1.62E-04,7.86E-04,-9.84E-05
721,4.40E-04,-9.98E-01,-2.59E-04,1.62E-04,7.86E-04,-9.84E-05
722,-6.99E-04,-1.51E-01,-1.91E-05,-2.74E-04,3.76E-01,-1.83E-05
723,-4.01E-05,-1.49E-01,2.34E-05,-8.51E-05,3.77E-01,5.22E-05
,,,,,,
,,,,,,
,,,,,,
,,,,,,
,,,,,,
,,,,,,
,,,,,,
$FREQUENCY =   0.3000000E+02,,,,,,
720,4.36E-04,-9.98E-01,-2.57E-04,1.19E-04,5.78E-04,-7.24E-05
721,4.36E-04,-9.98E-01,-2.57E-04,1.19E-04,5.78E-04,-7.24E-05
722,-7.71E-04,-6.60E-02,-2.47E-05,-1.84E-04,2.76E-01,-1.38E-05
723,-8.19E-05,-6.35E-02,4.93E-05,-8.20E-05,2.77E-01,5.05E-05
,,,,,,
,,,,,,
,,,,,,
,,,,,,
,,,,,,
,,,,,,
,,,,,,
$FREQUENCY =   0.4000000E+02,,,,,,
720,3.95E-04,-9.99E-01,-2.32E-04,9.30E-05,4.51E-04,-5.65E-05
721,3.95E-04,-9.99E-01,-2.32E-04,9.30E-05,4.51E-04,-5.65E-05
722,-8.02E-04,-3.21E-02,-2.74E-05,-1.23E-04,2.15E-01,-1.02E-05
723,-1.06E-04,-2.94E-02,6.43E-05,-6.88E-05,2.15E-01,4.24E-05
,,,,,,
,,,,,,
,,,,,,
,,,,,,
,,,,,,
,,,,,,
,,,,,,
$FREQUENCY =   0.5000000E+02,,,,,,
720,3.29E-04,-9.99E-01,-1.93E-04,7.61E-05,3.69E-04,-4.62E-05
721,3.29E-04,-9.99E-01,-1.93E-04,7.61E-05,3.69E-04,-4.62E-05
722,-8.18E-04,-1.57E-02,-2.89E-05,-7.82E-05,1.75E-01,-7.42E-06
723,-1.20E-04,-1.29E-02,7.30E-05,-5.53E-05,1.75E-01,3.40E-05
,,,,,,
,,,,,,
,,,,,,
,,,,,,
,,,,,,
,,,,,,
,,,,,,
$FREQUENCY =   0.6000000E+02,,,,,,
720,2.45E-04,-9.99E-01,-1.42E-04,6.45E-05,3.13E-04,-3.92E-05
721,2.45E-04,-9.99E-01,-1.42E-04,6.45E-05,3.13E-04,-3.92E-05
722,-8.29E-04,-6.52E-03,-2.98E-05,-4.29E-05,1.47E-01,-5.17E-06
723,-1.29E-04,-3.70E-03,7.82E-05,-4.35E-05,1.47E-01,2.67E-05
,,,,,,
,,,,,,
,,,,,,
,,,,,,
,,,,,,
,,,,,,
,,,,,,
$FREQUENCY =   0.7000000E+02,,,,,,
720,1.42E-04,-1.00E+00,-8.04E-05,5.61E-05,2.72E-04,-3.41E-05
721,1.42E-04,-1.00E+00,-8.04E-05,5.61E-05,2.72E-04,-3.41E-05
722,-8.37E-04,-9.64E-04,-3.04E-05,-1.34E-05,1.27E-01,-3.30E-06
723,-1.34E-04,1.89E-03,8.16E-05,-3.34E-05,1.27E-01,2.06E-05
,,,,,,
,,,,,,
,,,,,,
,,,,,,
,,,,,,
,,,,,,
,,,,,,
$FREQUENCY =   0.8000000E+02,,,,,,
720,2.18E-05,-1.00E+00,-8.05E-06,4.98E-05,2.42E-04,-3.03E-05
721,2.18E-05,-1.00E+00,-8.05E-06,4.98E-05,2.42E-04,-3.03E-05
722,-8.44E-04,2.66E-03,-3.09E-05,1.23E-05,1.12E-01,-1.70E-06
723,-1.38E-04,5.53E-03,8.39E-05,-2.48E-05,1.12E-01,1.53E-05
,,,,,,
,,,,,,
,,,,,,
,,,,,,
,,,,,,
,,,,,,
,,,,,,
$FREQUENCY =   0.9000000E+02,,,,,,
720,-1.16E-04,-1.00E+00,7.47E-05,4.49E-05,2.18E-04,-2.73E-05
721,-1.16E-04,-1.00E+00,7.47E-05,4.49E-05,2.18E-04,-2.73E-05
722,-8.50E-04,5.15E-03,-3.12E-05,3.55E-05,1.00E-01,-2.73E-07
723,-1.41E-04,8.05E-03,8.56E-05,-1.73E-05,1.00E-01,1.06E-05
,,,,,,
,,,,,,
,,,,,,
,,,,,,
,,,,,,
,,,,,,
,,,,,,
$FREQUENCY =   0.1000000E+03,,,,,,
720,-2.71E-04,-1.00E+00,1.68E-04,4.11E-05,2.00E-04,-2.50E-05
721,-2.71E-04,-1.00E+00,1.68E-04,4.11E-05,2.00E-04,-2.50E-05
722,-8.57E-04,6.95E-03,-3.15E-05,5.70E-05,9.07E-02,1.02E-06
723,-1.43E-04,9.87E-03,8.69E-05,-1.06E-05,9.05E-02,6.53E-06
,,,,,,
,,,,,,
,,,,,,
,,,,,,
,,,,,,
,,,,,,
,,,,,,
$FREQUENCY =   0.1100000E+03,,,,,,
720,-4.43E-04,-1.00E+00,2.72E-04,3.80E-05,1.85E-04,-2.31E-05
721,-4.43E-04,-1.00E+00,2.72E-04,3.80E-05,1.85E-04,-2.31E-05
722,-8.63E-04,8.29E-03,-3.17E-05,7.74E-05,8.30E-02,2.23E-06
723,-1.45E-04,1.12E-02,8.81E-05,-4.47E-06,8.27E-02,2.82E-06
,,,,,,
,,,,,,
,,,,,,
,,,,,,
,,,,,,
,,,,,,
,,,,,,
$FREQUENCY =   0.1200000E+03,,,,,,
720,-6.33E-04,-1.00E+00,3.86E-04,3.55E-05,1.73E-04,-2.16E-05
721,-6.33E-04,-1.00E+00,3.86E-04,3.55E-05,1.73E-04,-2.16E-05
722,-8.70E-04,9.33E-03,-3.20E-05,9.71E-05,7.66E-02,3.36E-06
723,-1.47E-04,1.23E-02,8.91E-05,1.15E-06,7.62E-02,-6.06E-07
,,,,,,
,,,,,,
,,,,,,
,,,,,,
,,,,,,
,,,,,,
,,,,,,
$FREQUENCY =   0.1300000E+03,,,,,,
720,-8.41E-04,-1.01E+00,5.12E-04,3.35E-05,1.63E-04,-2.04E-05
721,-8.41E-04,-1.01E+00,5.12E-04,3.35E-05,1.63E-04,-2.04E-05
722,-8.78E-04,1.02E-02,-3.22E-05,1.16E-04,7.12E-02,4.45E-06
723,-1.48E-04,1.32E-02,9.00E-05,6.41E-06,7.08E-02,-3.81E-06
,,,,,,
,,,,,,
,,,,,,
,,,,,,
,,,,,,
,,,,,,
,,,,,,
$FREQUENCY =   0.1400000E+03,,,,,,
720,-1.07E-03,-1.01E+00,6.48E-04,3.18E-05,1.54E-04,-1.93E-05
721,-1.07E-03,-1.01E+00,6.48E-04,3.18E-05,1.54E-04,-1.93E-05
722,-8.86E-04,1.09E-02,-3.25E-05,1.35E-04,6.66E-02,5.51E-06
723,-1.50E-04,1.39E-02,9.09E-05,1.14E-05,6.61E-02,-6.84E-06
,,,,,,
,,,,,,
,,,,,,
,,,,,,
,,,,,,
,,,,,,
,,,,,,
$FREQUENCY =   0.1500000E+03,,,,,,
720,-1.31E-03,-1.01E+00,7.96E-04,3.04E-05,1.48E-04,-1.85E-05
721,-1.31E-03,-1.01E+00,7.96E-04,3.04E-05,1.48E-04,-1.85E-05
722,-8.95E-04,1.14E-02,-3.27E-05,1.54E-04,6.27E-02,6.56E-06
723,-1.51E-04,1.45E-02,9.18E-05,1.62E-05,6.21E-02,-9.75E-06
,,,,,,
,,,,,,
,,,,,,
,,,,,,
,,,,,,
,,,,,,
,,,,,,
$FREQUENCY =   0.1600000E+03,,,,,,
720,-1.58E-03,-1.01E+00,9.55E-04,2.93E-05,1.42E-04,-1.78E-05
721,-1.58E-03,-1.01E+00,9.55E-04,2.93E-05,1.42E-04,-1.78E-05
722,-9.04E-04,1.20E-02,-3.30E-05,1.73E-04,5.93E-02,7.59E-06
723,-1.53E-04,1.50E-02,9.27E-05,2.09E-05,5.87E-02,-1.26E-05
,,,,,,
,,,,,,
,,,,,,
,,,,,,
,,,,,,
,,,,,,
,,,,,,
$FREQUENCY =   0.1700000E+03,,,,,,
720,-1.86E-03,-1.01E+00,1.13E-03,2.84E-05,1.38E-04,-1.72E-05
721,-1.86E-03,-1.01E+00,1.13E-03,2.84E-05,1.38E-04,-1.72E-05
722,-9.14E-04,1.24E-02,-3.33E-05,1.92E-04,5.64E-02,8.62E-06
723,-1.54E-04,1.55E-02,9.36E-05,2.55E-05,5.57E-02,-1.53E-05
,,,,,,
,,,,,,
,,,,,,
,,,,,,
,,,,,,
,,,,,,
,,,,,,
$FREQUENCY =   0.1800000E+03,,,,,,
720,-2.17E-03,-1.01E+00,1.31E-03,2.76E-05,1.34E-04,-1.68E-05
721,-2.17E-03,-1.01E+00,1.31E-03,2.76E-05,1.34E-04,-1.68E-05
722,-9.25E-04,1.28E-02,-3.36E-05,2.11E-04,5.38E-02,9.65E-06
723,-1.56E-04,1.60E-02,9.46E-05,3.00E-05,5.31E-02,-1.81E-05
,,,,,,
,,,,,,
,,,,,,
,,,,,,
,,,,,,
,,,,,,
,,,,,,
$FREQUENCY =   0.1900000E+03,,,,,,
720,-2.49E-03,-1.01E+00,1.51E-03,2.70E-05,1.31E-04,-1.64E-05
721,-2.49E-03,-1.01E+00,1.51E-03,2.70E-05,1.31E-04,-1.64E-05
722,-9.36E-04,1.32E-02,-3.39E-05,2.31E-04,5.16E-02,1.07E-05
723,-1.58E-04,1.64E-02,9.56E-05,3.45E-05,5.07E-02,-2.08E-05
,,,,,,
,,,,,,
,,,,,,
,,,,,,
,,,,,,
,,,,,,
,,,,,,
$FREQUENCY =   0.2000000E+03,,,,,,
720,-2.84E-03,-1.02E+00,1.71E-03,2.66E-05,1.29E-04,-1.61E-05
721,-2.84E-03,-1.02E+00,1.71E-03,2.66E-05,1.29E-04,-1.61E-05
722,-9.49E-04,1.36E-02,-3.42E-05,2.52E-04,4.96E-02,1.18E-05
723,-1.60E-04,1.68E-02,9.67E-05,3.91E-05,4.87E-02,-2.36E-05
,,,,,,
,,,,,,
,,,,,,
,,,,,,
,,,,,,
,,,,,,
,,,,,,
$FREQUENCY =   0.2100000E+03,,,,,,
720,-3.21E-03,-1.02E+00,1.94E-03,2.62E-05,1.27E-04,-1.59E-05
721,-3.21E-03,-1.02E+00,1.94E-03,2.62E-05,1.27E-04,-1.59E-05
722,-9.62E-04,1.40E-02,-3.45E-05,2.73E-04,4.79E-02,1.29E-05
723,-1.61E-04,1.73E-02,9.79E-05,4.37E-05,4.69E-02,-2.63E-05
,,,,,,
,,,,,,
,,,,,,
,,,,,,
,,,,,,
,,,,,,
,,,,,,
$FREQUENCY =   0.2200000E+03,,,,,,
720,-3.60E-03,-1.02E+00,2.17E-03,2.60E-05,1.26E-04,-1.58E-05
721,-3.60E-03,-1.02E+00,2.17E-03,2.60E-05,1.26E-04,-1.58E-05
722,-9.76E-04,1.44E-02,-3.49E-05,2.94E-04,4.63E-02,1.40E-05
723,-1.63E-04,1.77E-02,9.91E-05,4.83E-05,4.53E-02,-2.92E-05
,,,,,,
,,,,,,
,,,,,,
,,,,,,
,,,,,,
,,,,,,
,,,,,,
$FREQUENCY =   0.2300000E+03,,,,,,
720,-4.01E-03,-1.02E+00,2.42E-03,2.59E-05,1.26E-04,-1.57E-05
721,-4.01E-03,-1.02E+00,2.42E-03,2.59E-05,1.26E-04,-1.57E-05
722,-9.92E-04,1.48E-02,-3.53E-05,3.17E-04,4.50E-02,1.51E-05
723,-1.66E-04,1.81E-02,1.00E-04,5.31E-05,4.38E-02,-3.21E-05
,,,,,,
,,,,,,
,,,,,,
,,,,,,
,,,,,,
,,,,,,
,,,,,,
$FREQUENCY =   0.2400000E+03,,,,,,
720,-4.45E-03,-1.02E+00,2.69E-03,2.59E-05,1.26E-04,-1.57E-05
721,-4.45E-03,-1.02E+00,2.69E-03,2.59E-05,1.26E-04,-1.57E-05
722,-1.01E-03,1.51E-02,-3.57E-05,3.40E-04,4.38E-02,1.63E-05
723,-1.68E-04,1.85E-02,1.02E-04,5.80E-05,4.25E-02,-3.50E-05
,,,,,,
,,,,,,
,,,,,,
,,,,,,
,,,,,,
,,,,,,
,,,,,,
$FREQUENCY =   0.2500000E+03,,,,,,
720,-4.92E-03,-1.03E+00,2.97E-03,2.60E-05,1.26E-04,-1.58E-05
721,-4.92E-03,-1.03E+00,2.97E-03,2.60E-05,1.26E-04,-1.58E-05
722,-1.03E-03,1.55E-02,-3.61E-05,3.65E-04,4.27E-02,1.76E-05
723,-1.70E-04,1.90E-02,1.03E-04,6.31E-05,4.14E-02,-3.81E-05
,,,,,,
,,,,,,
,,,,,,
,,,,,,
,,,,,,
,,,,,,
,,,,,,
$FREQUENCY =   0.2600000E+03,,,,,,
720,-5.41E-03,-1.03E+00,3.26E-03,2.62E-05,1.27E-04,-1.59E-05
721,-5.41E-03,-1.03E+00,3.26E-03,2.62E-05,1.27E-04,-1.59E-05
722,-1.04E-03,1.59E-02,-3.66E-05,3.91E-04,4.18E-02,1.88E-05
723,-1.73E-04,1.95E-02,1.05E-04,6.83E-05,4.04E-02,-4.12E-05
,,,,,,
,,,,,,
,,,,,,
,,,,,,
,,,,,,
,,,,,,
,,,,,,
$FREQUENCY =   0.2700000E+03,,,,,,
720,-5.93E-03,-1.03E+00,3.57E-03,2.65E-05,1.29E-04,-1.61E-05
721,-5.93E-03,-1.03E+00,3.57E-03,2.65E-05,1.29E-04,-1.61E-05
722,-1.06E-03,1.64E-02,-3.71E-05,4.18E-04,4.10E-02,2.02E-05
723,-1.76E-04,2.00E-02,1.07E-04,7.38E-05,3.95E-02,-4.46E-05
,,,,,,
,,,,,,
,,,,,,
,,,,,,
,,,,,,
,,,,,,
,,,,,,
$FREQUENCY =   0.2800000E+03,,,,,,
720,-6.47E-03,-1.03E+00,3.90E-03,2.69E-05,1.31E-04,-1.63E-05
721,-6.47E-03,-1.03E+00,3.90E-03,2.69E-05,1.31E-04,-1.63E-05
722,-1.09E-03,1.68E-02,-3.76E-05,4.46E-04,4.03E-02,2.16E-05
723,-1.79E-04,2.05E-02,1.09E-04,7.95E-05,3.87E-02,-4.80E-05
,,,,,,
,,,,,,
,,,,,,
,,,,,,
,,,,,,
,,,,,,
,,,,,,
$FREQUENCY =   0.2900000E+03,,,,,,
720,-7.05E-03,-1.04E+00,4.25E-03,2.74E-05,1.33E-04,-1.66E-05
721,-7.05E-03,-1.04E+00,4.25E-03,2.74E-05,1.33E-04,-1.66E-05
722,-1.11E-03,1.73E-02,-3.82E-05,4.76E-04,3.97E-02,2.31E-05
723,-1.82E-04,2.10E-02,1.10E-04,8.55E-05,3.80E-02,-5.16E-05
,,,,,,
,,,,,,
,,,,,,
,,,,,,
,,,,,,
,,,,,,
,,,,,,
$FREQUENCY =   0.3000000E+03,,,,,,
720,-7.66E-03,-1.04E+00,4.62E-03,2.80E-05,1.36E-04,-1.70E-05
721,-7.66E-03,-1.04E+00,4.62E-03,2.80E-05,1.36E-04,-1.70E-05
722,-1.13E-03,1.78E-02,-3.88E-05,5.08E-04,3.92E-02,2.47E-05
723,-1.85E-04,2.16E-02,1.12E-04,9.18E-05,3.73E-02,-5.54E-05
,,,,,,
,,,,,,
,,,,,,
,,,,,,
,,,,,,
,,,,,,
,,,,,,
$FREQUENCY =   0.3100000E+03,,,,,,
720,-8.30E-03,-1.04E+00,5.00E-03,2.88E-05,1.40E-04,-1.75E-05
721,-8.30E-03,-1.04E+00,5.00E-03,2.88E-05,1.40E-04,-1.75E-05
722,-1.16E-03,1.83E-02,-3.94E-05,5.42E-04,3.88E-02,2.63E-05
723,-1.89E-04,2.22E-02,1.15E-04,9.84E-05,3.68E-02,-5.94E-05
,,,,,,
,,,,,,
,,,,,,
,,,,,,
,,,,,,
,,,,,,
,,,,,,
$FREQUENCY =   0.3200000E+03,,,,,,
720,-8.97E-03,-1.05E+00,5.41E-03,2.96E-05,1.44E-04,-1.80E-05
721,-8.97E-03,-1.05E+00,5.41E-03,2.96E-05,1.44E-04,-1.80E-05
722,-1.19E-03,1.89E-02,-4.01E-05,5.78E-04,3.84E-02,2.81E-05
723,-1.93E-04,2.28E-02,1.17E-04,1.05E-04,3.63E-02,-6.36E-05
,,,,,,
,,,,,,
,,,,,,
,,,,,,
,,,,,,
,,,,,,
,,,,,,
$FREQUENCY =   0.3300000E+03,,,,,,
720,-9.69E-03,-1.05E+00,5.84E-03,3.06E-05,1.49E-04,-1.86E-05
721,-9.69E-03,-1.05E+00,5.84E-03,3.06E-05,1.49E-04,-1.86E-05
722,-1.22E-03,1.95E-02,-4.08E-05,6.16E-04,3.82E-02,2.99E-05
723,-1.97E-04,2.35E-02,1.19E-04,1.13E-04,3.59E-02,-6.81E-05
,,,,,,
,,,,,,
,,,,,,
,,,,,,
,,,,,,
,,,,,,
,,,,,,
$FREQUENCY =   0.3400000E+03,,,,,,
720,-1.04E-02,-1.05E+00,6.29E-03,3.18E-05,1.55E-04,-1.93E-05
721,-1.04E-02,-1.05E+00,6.29E-03,3.18E-05,1.55E-04,-1.93E-05
722,-1.25E-03,2.01E-02,-4.15E-05,6.57E-04,3.80E-02,3.19E-05
723,-2.01E-04,2.43E-02,1.22E-04,1.21E-04,3.56E-02,-7.29E-05
,,,,,,
,,,,,,
,,,,,,
,,,,,,
,,,,,,
,,,,,,
,,,,,,
$FREQUENCY =   0.3500000E+03,,,,,,
720,-1.12E-02,-1.06E+00,6.77E-03,3.31E-05,1.61E-04,-2.01E-05
721,-1.12E-02,-1.06E+00,6.77E-03,3.31E-05,1.61E-04,-2.01E-05
722,-1.28E-03,2.08E-02,-4.23E-05,7.01E-04,3.79E-02,3.40E-05
723,-2.06E-04,2.50E-02,1.25E-04,1.29E-04,3.54E-02,-7.79E-05
,,,,,,
,,,,,,
,,,,,,
,,,,,,
,,,,,,
,,,,,,
,,,,,,
$FREQUENCY =   0.3600000E+03,,,,,,
720,-1.21E-02,-1.06E+00,7.27E-03,3.46E-05,1.68E-04,-2.10E-05
721,-1.21E-02,-1.06E+00,7.27E-03,3.46E-05,1.68E-04,-2.10E-05
722,-1.32E-03,2.15E-02,-4.31E-05,7.47E-04,3.79E-02,3.63E-05
723,-2.11E-04,2.59E-02,1.28E-04,1.38E-04,3.52E-02,-8.34E-05
,,,,,,
,,,,,,
,,,,,,
,,,,,,
,,,,,,
,,,,,,
,,,,,,
$FREQUENCY =   0.3700000E+03,,,,,,
720,-1.29E-02,-1.07E+00,7.80E-03,3.62E-05,1.76E-04,-2.20E-05
721,-1.29E-02,-1.07E+00,7.80E-03,3.62E-05,1.76E-04,-2.20E-05
722,-1.35E-03,2.23E-02,-4.40E-05,7.98E-04,3.79E-02,3.87E-05
723,-2.16E-04,2.68E-02,1.31E-04,1.48E-04,3.50E-02,-8.92E-05
,,,,,,
,,,,,,
,,,,,,
,,,,,,
,,,,,,
,,,,,,
,,,,,,
$FREQUENCY =   0.3800000E+03,,,,,,
720,-1.39E-02,-1.07E+00,8.36E-03,3.82E-05,1.86E-04,-2.32E-05
721,-1.39E-02,-1.07E+00,8.36E-03,3.82E-05,1.86E-04,-2.32E-05
722,-1.40E-03,2.31E-02,-4.49E-05,8.52E-04,3.81E-02,4.13E-05
723,-2.22E-04,2.78E-02,1.35E-04,1.58E-04,3.50E-02,-9.54E-05
,,,,,,
,,,,,,
,,,,,,
,,,,,,
,,,,,,
,,,,,,
,,,,,,
$FREQUENCY =   0.3900000E+03,,,,,,
720,-1.48E-02,-1.08E+00,8.95E-03,4.03E-05,1.96E-04,-2.45E-05
721,-1.48E-02,-1.08E+00,8.95E-03,4.03E-05,1.96E-04,-2.45E-05
722,-1.44E-03,2.41E-02,-4.58E-05,9.10E-04,3.83E-02,4.41E-05
723,-2.28E-04,2.88E-02,1.38E-04,1.69E-04,3.50E-02,-1.02E-04
,,,,,,
,,,,,,
,,,,,,
,,,,,,
,,,,,,
,,,,,,
,,,,,,
$FREQUENCY =   0.4000000E+03,,,,,,
720,-1.59E-02,-1.08E+00,9.57E-03,4.28E-05,2.08E-04,-2.60E-05
721,-1.59E-02,-1.08E+00,9.57E-03,4.28E-05,2.08E-04,-2.60E-05
722,-1.49E-03,2.50E-02,-4.69E-05,9.73E-04,3.85E-02,4.70E-05
723,-2.34E-04,3.00E-02,1.42E-04,1.81E-04,3.50E-02,-1.09E-04
,,,,,,
,,,,,,
,,,,,,
,,,,,,
,,,,,,
,,,,,,
,,,,,,
$FREQUENCY =   0.4100000E+03,,,,,,
720,-1.70E-02,-1.09E+00,1.02E-02,4.55E-05,2.22E-04,-2.76E-05
721,-1.70E-02,-1.09E+00,1.02E-02,4.55E-05,2.22E-04,-2.76E-05
722,-1.54E-03,2.61E-02,-4.79E-05,1.04E-03,3.89E-02,5.03E-05
723,-2.41E-04,3.12E-02,1.46E-04,1.94E-04,3.51E-02,-1.17E-04
,,,,,,
,,,,,,
,,,,,,
,,,,,,
,,,,,,
,,,,,,
,,,,,,
$FREQUENCY =   0.4200000E+03,,,,,,
720,-1.81E-02,-1.09E+00,1.09E-02,4.87E-05,2.37E-04,-2.95E-05
721,-1.81E-02,-1.09E+00,1.09E-02,4.87E-05,2.37E-04,-2.95E-05
722,-1.59E-03,2.73E-02,-4.91E-05,1.12E-03,3.93E-02,5.38E-05
723,-2.48E-04,3.25E-02,1.51E-04,2.08E-04,3.53E-02,-1.25E-04
,,,,,,
,,,,,,
,,,,,,
,,,,,,
,,,,,,
,,,,,,
,,,,,,
$FREQUENCY =   0.4300000E+03,,,,,,
720,-1.93E-02,-1.10E+00,1.17E-02,5.23E-05,2.55E-04,-3.17E-05
721,-1.93E-02,-1.10E+00,1.17E-02,5.23E-05,2.55E-04,-3.17E-05
722,-1.65E-03,2.85E-02,-5.03E-05,1.20E-03,3.98E-02,5.76E-05
723,-2.56E-04,3.39E-02,1.55E-04,2.23E-04,3.55E-02,-1.35E-04
,,,,,,
,,,,,,
,,,,,,
,,,,,,
,,,,,,
,,,,,,
,,,,,,
$FREQUENCY =   0.4400000E+03,,,,,,
720,-2.06E-02,-1.11E+00,1.24E-02,5.63E-05,2.75E-04,-3.42E-05
721,-2.06E-02,-1.11E+00,1.24E-02,5.63E-05,2.75E-04,-3.42E-05
722,-1.72E-03,2.99E-02,-5.16E-05,1.29E-03,4.05E-02,6.17E-05
723,-2.64E-04,3.55E-02,1.60E-04,2.39E-04,3.58E-02,-1.45E-04
,,,,,,
,,,,,,
,,,,,,
,,,,,,
,,,,,,
,,,,,,
,,,,,,
$FREQUENCY =   0.4500000E+03,,,,,,
720,-2.20E-02,-1.11E+00,1.33E-02,6.10E-05,2.97E-04,-3.70E-05
721,-2.20E-02,-1.11E+00,1.33E-02,6.10E-05,2.97E-04,-3.70E-05
722,-1.78E-03,3.14E-02,-5.29E-05,1.38E-03,4.12E-02,6.62E-05
723,-2.73E-04,3.72E-02,1.66E-04,2.57E-04,3.61E-02,-1.56E-04
,,,,,,
,,,,,,
,,,,,,
,,,,,,
,,,,,,
,,,,,,
,,,,,,
$FREQUENCY =   0.4600000E+03,,,,,,
720,-2.35E-02,-1.12E+00,1.42E-02,6.64E-05,3.24E-04,-4.03E-05
721,-2.35E-02,-1.12E+00,1.42E-02,6.64E-05,3.24E-04,-4.03E-05
722,-1.86E-03,3.30E-02,-5.43E-05,1.49E-03,4.20E-02,7.12E-05
723,-2.82E-04,3.91E-02,1.72E-04,2.77E-04,3.66E-02,-1.67E-04
,,,,,,
,,,,,,
,,,,,,
,,,,,,
,,,,,,
,,,,,,
,,,,,,
$FREQUENCY =   0.4700000E+03,,,,,,
720,-2.50E-02,-1.13E+00,1.51E-02,7.25E-05,3.54E-04,-4.40E-05
721,-2.50E-02,-1.13E+00,1.51E-02,7.25E-05,3.54E-04,-4.40E-05
722,-1.94E-03,3.48E-02,-5.58E-05,1.60E-03,4.29E-02,7.66E-05
723,-2.93E-04,4.11E-02,1.78E-04,2.99E-04,3.70E-02,-1.80E-04
,,,,,,
,,,,,,
,,,,,,
,,,,,,
,,,,,,
,,,,,,
,,,,,,
$FREQUENCY =   0.4800000E+03,,,,,,
720,-2.67E-02,-1.14E+00,1.61E-02,7.96E-05,3.88E-04,-4.83E-05
721,-2.67E-02,-1.14E+00,1.61E-02,7.96E-05,3.88E-04,-4.83E-05
722,-2.02E-03,3.68E-02,-5.74E-05,1.73E-03,4.39E-02,8.25E-05
723,-3.04E-04,4.33E-02,1.85E-04,3.22E-04,3.76E-02,-1.95E-04
,,,,,,
,,,,,,
,,,,,,
,,,,,,
,,,,,,
,,,,,,
,,,,,,
$FREQUENCY =   0.4900000E+03,,,,,,
720,-2.84E-02,-1.15E+00,1.71E-02,8.79E-05,4.29E-04,-5.33E-05
721,-2.84E-02,-1.15E+00,1.71E-02,8.79E-05,4.29E-04,-5.33E-05
722,-2.12E-03,3.90E-02,-5.91E-05,1.87E-03,4.50E-02,8.91E-05
723,-3.16E-04,4.58E-02,1.92E-04,3.49E-04,3.83E-02,-2.11E-04
,,,,,,
,,,,,,
,,,,,,
,,,,,,
,,,,,,
,,,,,,
,,,,,,
$FREQUENCY =   0.5000000E+03,,,,,,
720,-3.03E-02,-1.16E+00,1.83E-02,9.75E-05,4.76E-04,-5.92E-05
721,-3.03E-02,-1.16E+00,1.83E-02,9.75E-05,4.76E-04,-5.92E-05
722,-2.22E-03,4.14E-02,-6.08E-05,2.03E-03,4.63E-02,9.63E-05
723,-3.28E-04,4.85E-02,2.00E-04,3.78E-04,3.90E-02,-2.28E-04
,,,,,,
,,,,,,
,,,,,,
,,,,,,
,,,,,,
,,,,,,
,,,,,,
$FREQUENCY =   0.5100000E+03,,,,,,
720,-3.23E-02,-1.17E+00,1.95E-02,1.09E-04,5.31E-04,-6.60E-05
721,-3.23E-02,-1.17E+00,1.95E-02,1.09E-04,5.31E-04,-6.60E-05
722,-2.34E-03,4.40E-02,-6.27E-05,2.21E-03,4.78E-02,1.04E-04
723,-3.42E-04,5.15E-02,2.08E-04,4.10E-04,3.98E-02,-2.48E-04
,,,,,,
,,,,,,
,,,,,,
,,,,,,
,,,,,,
,,,,,,
,,,,,,
$FREQUENCY =   0.5200000E+03,,,,,,
720,-3.45E-02,-1.18E+00,2.08E-02,1.22E-04,5.96E-04,-7.41E-05
721,-3.45E-02,-1.18E+00,2.08E-02,1.22E-04,5.96E-04,-7.41E-05
722,-2.46E-03,4.70E-02,-6.46E-05,2.40E-03,4.94E-02,1.13E-04
723,-3.57E-04,5.48E-02,2.18E-04,4.46E-04,4.07E-02,-2.70E-04
,,,,,,
,,,,,,
,,,,,,
,,,,,,
,,,,,,
,,,,,,
,,,,,,
$FREQUENCY =   0.5300000E+03,,,,,,
720,-3.68E-02,-1.19E+00,2.22E-02,1.38E-04,6.74E-04,-8.37E-05
721,-3.68E-02,-1.19E+00,2.22E-02,1.38E-04,6.74E-04,-8.37E-05
722,-2.60E-03,5.03E-02,-6.67E-05,2.62E-03,5.12E-02,1.23E-04
723,-3.74E-04,5.85E-02,2.28E-04,4.86E-04,4.18E-02,-2.94E-04
,,,,,,
,,,,,,
,,,,,,
,,,,,,
,,,,,,
,,,,,,
,,,,,,
$FREQUENCY =   0.5400000E+03,,,,,,
720,-3.93E-02,-1.20E+00,2.37E-02,1.57E-04,7.66E-04,-9.51E-05
721,-3.93E-02,-1.20E+00,2.37E-02,1.57E-04,7.66E-04,-9.51E-05
722,-2.75E-03,5.40E-02,-6.89E-05,2.87E-03,5.32E-02,1.35E-04
723,-3.92E-04,6.27E-02,2.39E-04,5.31E-04,4.29E-02,-3.21E-04
,,,,,,
,,,,,,
,,,,,,
,,,,,,
,,,,,,
,,,,,,
,,,,,,
$FREQUENCY =   0.5500000E+03,,,,,,
720,-4.20E-02,-1.21E+00,2.53E-02,1.80E-04,8.77E-04,-1.09E-04
721,-4.20E-02,-1.21E+00,2.53E-02,1.80E-04,8.77E-04,-1.09E-04
722,-2.91E-03,5.81E-02,-7.11E-05,3.15E-03,5.55E-02,1.47E-04
723,-4.11E-04,6.73E-02,2.51E-04,5.82E-04,4.42E-02,-3.52E-04
,,,,,,
,,,,,,
,,,,,,
,,,,,,
,,,,,,
,,,,,,
,,,,,,
$FREQUENCY =   0.5600000E+03,,,,,,
720,-4.50E-02,-1.23E+00,2.71E-02,2.07E-04,1.01E-03,-1.26E-04
721,-4.50E-02,-1.23E+00,2.71E-02,2.07E-04,1.01E-03,-1.26E-04
722,-3.10E-03,6.29E-02,-7.35E-05,3.47E-03,5.81E-02,1.62E-04
723,-4.33E-04,7.26E-02,2.64E-04,6.40E-04,4.56E-02,-3.87E-04
,,,,,,
,,,,,,
,,,,,,
,,,,,,
,,,,,,
,,,,,,
,,,,,,
$FREQUENCY =   0.5700000E+03,,,,,,
720,-4.82E-02,-1.24E+00,2.91E-02,2.41E-04,1.18E-03,-1.46E-04
721,-4.82E-02,-1.24E+00,2.91E-02,2.41E-04,1.18E-03,-1.46E-04
722,-3.30E-03,6.82E-02,-7.60E-05,3.84E-03,6.10E-02,1.78E-04
723,-4.56E-04,7.86E-02,2.78E-04,7.07E-04,4.72E-02,-4.27E-04
,,,,,,
,,,,,,
,,,,,,
,,,,,,
,,,,,,
,,,,,,
,,,,,,
$FREQUENCY =   0.5800000E+03,,,,,,
720,-5.17E-02,-1.26E+00,3.12E-02,2.82E-04,1.38E-03,-1.71E-04
721,-5.17E-02,-1.26E+00,3.12E-02,2.82E-04,1.38E-03,-1.71E-04
722,-3.53E-03,7.44E-02,-7.87E-05,4.26E-03,6.42E-02,1.97E-04
723,-4.82E-04,8.54E-02,2.94E-04,7.82E-04,4.90E-02,-4.73E-04
,,,,,,
,,,,,,
,,,,,,
,,,,,,
,,,,,,
,,,,,,
,,,,,,
$FREQUENCY =   0.5900000E+03,,,,,,
720,-5.55E-02,-1.28E+00,3.35E-02,3.35E-04,1.64E-03,-2.03E-04
721,-5.55E-02,-1.28E+00,3.35E-02,3.35E-04,1.64E-03,-2.03E-04
722,-3.79E-03,8.14E-02,-8.13E-05,4.74E-03,6.79E-02,2.18E-04
723,-5.11E-04,9.32E-02,3.12E-04,8.70E-04,5.09E-02,-5.26E-04
,,,,,,
,,,,,,
,,,,,,
,,,,,,
,,,,,,
,,,,,,
,,,,,,
$FREQUENCY =   0.6000000E+03,,,,,,
720,-5.98E-02,-1.30E+00,3.61E-02,4.00E-04,1.96E-03,-2.43E-04
721,-5.98E-02,-1.30E+00,3.61E-02,4.00E-04,1.96E-03,-2.43E-04
722,-4.09E-03,8.97E-02,-8.41E-05,5.31E-03,7.22E-02,2.43E-04
723,-5.43E-04,1.02E-01,3.32E-04,9.72E-04,5.32E-02,-5.88E-04
,,,,,,
,,,,,,
,,,,,,
,,,,,,
,,,,,,
,,,,,,
,,,,,,
$FREQUENCY =   0.6100000E+03,,,,,,
720,-6.45E-02,-1.33E+00,3.89E-02,4.85E-04,2.37E-03,-2.94E-04
721,-6.45E-02,-1.33E+00,3.89E-02,4.85E-04,2.37E-03,-2.94E-04
722,-4.43E-03,9.93E-02,-8.69E-05,5.97E-03,7.70E-02,2.73E-04
723,-5.78E-04,1.13E-01,3.54E-04,1.09E-03,5.57E-02,-6.61E-04
,,,,,,
,,,,,,
,,,,,,
,,,,,,
,,,,,,
,,,,,,
,,,,,,
$FREQUENCY =   0.6200000E+03,,,,,,
720,-6.98E-02,-1.35E+00,4.22E-02,5.94E-04,2.91E-03,-3.60E-04
721,-6.98E-02,-1.35E+00,4.22E-02,5.94E-04,2.91E-03,-3.60E-04
722,-4.82E-03,1.11E-01,-8.96E-05,6.76E-03,8.26E-02,3.07E-04
723,-6.18E-04,1.25E-01,3.78E-04,1.23E-03,5.85E-02,-7.46E-04
,,,,,,
,,,,,,
,,,,,,
,,,,,,
,,,,,,
,,,,,,
,,,,,,
$FREQUENCY =   0.6300000E+03,,,,,,
720,-7.58E-02,-1.38E+00,4.58E-02,7.40E-04,3.62E-03,-4.48E-04
721,-7.58E-02,-1.38E+00,4.58E-02,7.40E-04,3.62E-03,-4.48E-04
722,-5.26E-03,1.24E-01,-9.21E-05,7.71E-03,8.91E-02,3.49E-04
723,-6.63E-04,1.40E-01,4.06E-04,1.40E-03,6.16E-02,-8.49E-04
,,,,,,
,,,,,,
,,,,,,
,,,,,,
,,,,,,
,,,,,,
,,,,,,
$FREQUENCY =   0.6400000E+03,,,,,,
720,-8.27E-02,-1.42E+00,4.99E-02,9.35E-04,4.58E-03,-5.67E-04
721,-8.27E-02,-1.42E+00,4.99E-02,9.35E-04,4.58E-03,-5.67E-04
722,-5.79E-03,1.40E-01,-9.44E-05,8.86E-03,9.67E-02,3.99E-04
723,-7.14E-04,1.58E-01,4.38E-04,1.61E-03,6.52E-02,-9.73E-04
,,,,,,
,,,,,,
,,,,,,
,,,,,,
,,,,,,
,,,,,,
,,,,,,
$FREQUENCY =   0.6500000E+03,,,,,,
720,-9.06E-02,-1.46E+00,5.47E-02,1.21E-03,5.91E-03,-7.31E-04
721,-9.06E-02,-1.46E+00,5.47E-02,1.21E-03,5.91E-03,-7.31E-04
722,-6.41E-03,1.61E-01,-9.59E-05,1.03E-02,1.06E-01,4.60E-04
723,-7.72E-04,1.80E-01,4.74E-04,1.86E-03,6.92E-02,-1.13E-03
,,,,,,
,,,,,,
,,,,,,
,,,,,,
,,,,,,
,,,,,,
,,,,,,
$FREQUENCY =   0.6600000E+03,,,,,,
720,-9.99E-02,-1.50E+00,6.03E-02,1.59E-03,7.79E-03,-9.63E-04
721,-9.99E-02,-1.50E+00,6.03E-02,1.59E-03,7.79E-03,-9.63E-04
722,-7.15E-03,1.85E-01,-9.63E-05,1.21E-02,1.17E-01,5.36E-04
723,-8.39E-04,2.07E-01,5.15E-04,2.17E-03,7.38E-02,-1.32E-03
,,,,,,
,,,,,,
,,,,,,
,,,,,,
,,,,,,
,,,,,,
,,,,,,
$FREQUENCY =   0.6700000E+03,,,,,,
720,-1.11E-01,-1.56E+00,6.70E-02,2.15E-03,1.05E-02,-1.30E-03
721,-1.11E-01,-1.56E+00,6.70E-02,2.15E-03,1.05E-02,-1.30E-03
722,-8.04E-03,2.17E-01,-9.47E-05,1.43E-02,1.30E-01,6.32E-04
723,-9.14E-04,2.41E-01,5.62E-04,2.57E-03,7.90E-02,-1.56E-03
,,,,,,
,,,,,,
,,,,,,
,,,,,,
,,,,,,
,,,,,,
,,,,,,
$FREQUENCY =   0.6800000E+03,,,,,,
720,-1.24E-01,-1.62E+00,7.52E-02,3.00E-03,1.47E-02,-1.82E-03
721,-1.24E-01,-1.62E+00,7.52E-02,3.00E-03,1.47E-02,-1.82E-03
722,-9.13E-03,2.59E-01,-8.93E-05,1.73E-02,1.46E-01,7.57E-04
723,-1.00E-03,2.85E-01,6.16E-04,3.09E-03,8.47E-02,-1.87E-03
,,,,,,
,,,,,,
,,,,,,
,,,,,,
,,,,,,
,,,,,,
,,,,,,
$FREQUENCY =   0.6900000E+03,,,,,,
720,-1.41E-01,-1.71E+00,8.54E-02,4.37E-03,2.14E-02,-2.65E-03
721,-1.41E-01,-1.71E+00,8.54E-02,4.37E-03,2.14E-02,-2.65E-03
722,-1.05E-02,3.15E-01,-7.73E-05,2.13E-02,1.66E-01,9.25E-04
723,-1.09E-03,3.44E-01,6.76E-04,3.80E-03,9.07E-02,-2.30E-03
,,,,,,
,,,,,,
,,,,,,
,,,,,,
,,,,,,
,,,,,,
,,,,,,
$FREQUENCY =   0.7000000E+03,,,,,,
720,-1.63E-01,-1.82E+00,9.88E-02,6.69E-03,3.28E-02,-4.05E-03
721,-1.63E-01,-1.82E+00,9.88E-02,6.69E-03,3.28E-02,-4.05E-03
722,-1.22E-02,3.93E-01,-5.21E-05,2.70E-02,1.91E-01,1.16E-03
723,-1.19E-03,4.27E-01,7.39E-04,4.78E-03,9.64E-02,-2.89E-03
,,,,,,
,,,,,,
,,,,,,
,,,,,,
,,,,,,
,,,,,,
,,,,,,
$FREQUENCY =   0.7100000E+03,,,,,,
720,-1.94E-01,-1.97E+00,1.17E-01,1.10E-02,5.39E-02,-6.65E-03
721,-1.94E-01,-1.97E+00,1.17E-01,1.10E-02,5.39E-02,-6.65E-03
722,-1.43E-02,5.09E-01,9.23E-07,3.54E-02,2.24E-01,1.50E-03
723,-1.27E-03,5.48E-01,7.91E-04,6.23E-03,9.95E-02,-3.77E-03
,,,,,,
,,,,,,
,,,,,,
,,,,,,
,,,,,,
,,,,,,
,,,,,,
$FREQUENCY =   0.7200000E+03,,,,,,
720,-2.39E-01,-2.19E+00,1.44E-01,1.99E-02,9.78E-02,-1.21E-02
721,-2.39E-01,-2.19E+00,1.44E-01,1.99E-02,9.78E-02,-1.21E-02
722,-1.69E-02,6.96E-01,1.20E-04,4.90E-02,2.63E-01,2.03E-03
723,-1.25E-03,7.39E-01,7.85E-04,8.53E-03,9.23E-02,-5.17E-03
,,,,,,
,,,,,,
,,,,,,
,,,,,,
,,,,,,
,,,,,,
,,,,,,
$FREQUENCY =   0.7300000E+03,,,,,,
720,-3.12E-01,-2.55E+00,1.89E-01,4.23E-02,2.08E-01,-2.56E-02
721,-3.12E-01,-2.55E+00,1.89E-01,4.23E-02,2.08E-01,-2.56E-02
722,-1.89E-02,1.04E+00,4.33E-04,7.38E-02,3.00E-01,2.97E-03
723,-7.80E-04,1.08E+00,5.16E-04,1.26E-02,4.46E-02,-7.66E-03
,,,,,,
,,,,,,
,,,,,,
,,,,,,
,,,,,,
,,,,,,
,,,,,,
$FREQUENCY =   0.7400000E+03,,,,,,
720,-4.54E-01,-3.25E+00,2.75E-01,1.19E-01,5.86E-01,-7.22E-02
721,-4.54E-01,-3.25E+00,2.75E-01,1.19E-01,5.86E-01,-7.22E-02
722,-1.23E-02,1.78E+00,1.52E-03,1.28E-01,2.29E-01,4.84E-03
723,2.06E-03,1.79E+00,-1.17E-03,2.13E-02,-2.08E-01,-1.29E-02
,,,,,,
,,,,,,
,,,,,,
,,,,,,
,,,,,,
,,,,,,
,,,,,,
$FREQUENCY =   0.7500000E+03,,,,,,
720,-6.87E-01,-4.39E+00,4.15E-01,5.72E-01,2.81E+00,-3.46E-01
721,-6.87E-01,-4.39E+00,4.15E-01,5.72E-01,2.81E+00,-3.46E-01
722,1.05E-01,3.68E+00,7.94E-03,2.63E-01,-1.33E+00,7.92E-03
723,2.57E-02,3.24E+00,-1.54E-02,3.96E-02,-2.19E+00,-2.41E-02
,,,,,,
,,,,,,
,,,,,,
,,,,,,
,,,,,,
,,,,,,
,,,,,,
$FREQUENCY =   0.7600000E+03,,,,,,
720,4.09E-01,9.94E-01,-2.48E-01,7.78E-01,3.83E+00,-4.71E-01
721,4.09E-01,9.94E-01,-2.48E-01,7.78E-01,3.83E+00,-4.71E-01
722,3.25E-01,-8.32E-01,1.07E-02,-7.19E-02,-4.46E+00,-7.77E-03
723,5.07E-02,-1.91E+00,-3.08E-02,-2.24E-02,-4.12E+00,1.34E-02
,,,,,,
,,,,,,
,,,,,,
,,,,,,
,,,,,,
,,,,,,
,,,,,,
$FREQUENCY =   0.7700000E+03,,,,,,
720,3.03E-01,4.71E-01,-1.83E-01,2.07E-01,1.02E+00,-1.25E-01
721,3.03E-01,4.71E-01,-1.83E-01,2.07E-01,1.02E+00,-1.25E-01
722,1.24E-01,-1.56E+00,2.57E-03,-1.20E-01,-1.72E+00,-6.36E-03
723,1.62E-02,-1.94E+00,-9.94E-03,-2.37E-02,-1.28E+00,1.43E-02
,,,,,,
,,,,,,
,,,,,,
,,,,,,
,,,,,,
,,,,,,
,,,,,,
$FREQUENCY =   0.7800000E+03,,,,,,
720,1.63E-01,-2.16E-01,-9.89E-02,9.46E-02,4.66E-01,-5.73E-02
721,1.63E-01,-2.16E-01,-9.89E-02,9.46E-02,4.66E-01,-5.73E-02
722,6.96E-02,-1.23E+00,9.74E-04,-9.50E-02,-9.66E-01,-4.58E-03
723,8.11E-03,-1.43E+00,-4.99E-03,-1.78E-02,-6.23E-01,1.08E-02
,,,,,,
,,,,,,
,,,,,,
,,,,,,
,,,,,,
,,,,,,
,,,,,,
$FREQUENCY =   0.7900000E+03,,,,,,
720,8.35E-02,-6.07E-01,-5.08E-02,5.90E-02,2.90E-01,-3.57E-02
721,8.35E-02,-6.07E-01,-5.08E-02,5.90E-02,2.90E-01,-3.57E-02
722,4.86E-02,-1.03E+00,4.40E-04,-8.00E-02,-6.74E-01,-3.71E-03
723,5.16E-03,-1.16E+00,-3.19E-03,-1.47E-02,-3.88E-01,8.89E-03
,,,,,,
,,,,,,
,,,,,,
,,,,,,
,,,,,,
,,,,,,
,,,,,,
$FREQUENCY =   0.8000000E+03,,,,,,
720,2.94E-02,-8.74E-01,-1.81E-02,4.39E-02,2.16E-01,-2.66E-02
721,2.94E-02,-8.74E-01,-1.81E-02,4.39E-02,2.16E-01,-2.66E-02
722,3.82E-02,-9.11E-01,1.82E-04,-7.17E-02,-5.27E-01,-3.24E-03
723,3.71E-03,-1.02E+00,-2.30E-03,-1.30E-02,-2.73E-01,7.87E-03
,,,,,,
,,,,,,
,,,,,,
,,,,,,
,,,,,,
,,,,,,
,,,,,,
$FREQUENCY =   0.8100000E+03,,,,,,
720,-1.39E-02,-1.09E+00,8.12E-03,3.68E-02,1.81E-01,-2.23E-02
721,-1.39E-02,-1.09E+00,8.12E-03,3.68E-02,1.81E-01,-2.23E-02
722,3.23E-02,-8.50E-01,2.10E-05,-6.76E-02,-4.44E-01,-3.00E-03
723,2.86E-03,-9.37E-01,-1.78E-03,-1.21E-02,-2.05E-01,7.35E-03
,,,,,,
,,,,,,
,,,,,,
,,,,,,
,,,,,,
,,,,,,
,,,,,,
$FREQUENCY =   0.8200000E+03,,,,,,
720,-5.38E-02,-1.28E+00,3.22E-02,3.39E-02,1.67E-01,-2.05E-02
721,-5.38E-02,-1.28E+00,3.22E-02,3.39E-02,1.67E-01,-2.05E-02
722,2.87E-02,-8.26E-01,-1.03E-04,-6.63E-02,-3.93E-01,-2.90E-03
723,2.28E-03,-9.01E-01,-1.43E-03,-1.18E-02,-1.60E-01,7.16E-03
,,,,,,
,,,,,,
,,,,,,
,,,,,,
,,,,,,
,,,,,,
,,,,,,
$FREQUENCY =   0.8300000E+03,,,,,,
720,-9.51E-02,-1.49E+00,5.72E-02,3.38E-02,1.67E-01,-2.05E-02
721,-9.51E-02,-1.49E+00,5.72E-02,3.38E-02,1.67E-01,-2.05E-02
722,2.66E-02,-8.33E-01,-2.18E-04,-6.76E-02,-3.63E-01,-2.91E-03
723,1.85E-03,-9.00E-01,-1.17E-03,-1.19E-02,-1.26E-01,7.24E-03
,,,,,,
,,,,,,
,,,,,,
,,,,,,
,,,,,,
,,,,,,
,,,,,,
$FREQUENCY =   0.8400000E+03,,,,,,
720,-1.43E-01,-1.72E+00,8.59E-02,3.65E-02,1.80E-01,-2.21E-02
721,-1.43E-01,-1.72E+00,8.59E-02,3.65E-02,1.80E-01,-2.21E-02
722,2.54E-02,-8.72E-01,-3.46E-04,-7.16E-02,-3.47E-01,-3.04E-03
723,1.48E-03,-9.34E-01,-9.52E-04,-1.25E-02,-9.65E-02,7.61E-03
,,,,,,
,,,,,,
,,,,,,
,,,,,,
,,,,,,
,,,,,,
,,,,,,
$FREQUENCY =   0.8500000E+03,,,,,,
720,-2.03E-01,-2.02E+00,1.22E-01,4.30E-02,2.12E-01,-2.60E-02
721,-2.03E-01,-2.02E+00,1.22E-01,4.30E-02,2.12E-01,-2.60E-02
722,2.51E-02,-9.54E-01,-5.10E-04,-7.90E-02,-3.42E-01,-3.31E-03
723,1.10E-03,-1.01E+00,-7.28E-04,-1.37E-02,-6.68E-02,8.34E-03
,,,,,,
,,,,,,
,,,,,,
,,,,,,
,,,,,,
,,,,,,
,,,,,,
$FREQUENCY =   0.8600000E+03,,,,,,
720,-2.88E-01,-2.44E+00,1.74E-01,5.64E-02,2.78E-01,-3.41E-02
721,-2.88E-01,-2.44E+00,1.74E-01,5.64E-02,2.78E-01,-3.41E-02
722,2.54E-02,-1.10E+00,-7.57E-04,-9.21E-02,-3.48E-01,-3.79E-03
723,6.10E-04,-1.15E+00,-4.38E-04,-1.59E-02,-2.83E-02,9.64E-03
,,,,,,
,,,,,,
,,,,,,
,,,,,,
,,,,,,
,,,,,,
,,,,,,
$FREQUENCY =   0.8700000E+03,,,,,,
720,-4.25E-01,-3.12E+00,2.56E-01,8.65E-02,4.27E-01,-5.23E-02
721,-4.25E-01,-3.12E+00,2.56E-01,8.65E-02,4.27E-01,-5.23E-02
722,2.59E-02,-1.38E+00,-1.20E-03,-1.16E-01,-3.62E-01,-4.68E-03
723,-2.79E-04,-1.42E+00,8.34E-05,-1.98E-02,3.93E-02,1.20E-02
,,,,,,
,,,,,,
,,,,,,
,,,,,,
,,,,,,
,,,,,,
,,,,,,
$FREQUENCY =   0.8800000E+03,,,,,,
720,-6.91E-01,-4.43E+00,4.17E-01,1.73E-01,8.52E-01,-1.04E-01
721,-6.91E-01,-4.43E+00,4.17E-01,1.73E-01,8.52E-01,-1.04E-01
722,2.37E-02,-1.97E+00,-2.26E-03,-1.67E-01,-3.56E-01,-6.50E-03
723,-2.69E-03,-1.99E+00,1.51E-03,-2.80E-02,2.18E-01,1.70E-02
,,,,,,
,,,,,,
,,,,,,
,,,,,,
,,,,,,
,,,,,,
,,,,,,
$FREQUENCY =   0.8900000E+03,,,,,,
720,-1.42E+00,-8.05E+00,8.59E-01,6.32E-01,3.12E+00,-3.82E-01
721,-1.42E+00,-8.05E+00,8.59E-01,6.32E-01,3.12E+00,-3.82E-01
722,-2.05E-02,-3.81E+00,-6.87E-03,-3.25E-01,9.40E-02,-1.14E-02
723,-1.62E-02,-3.62E+00,9.57E-03,-5.17E-02,1.18E+00,3.15E-02
,,,,,,
,,,,,,
,,,,,,
,,,,,,
,,,,,,
,,,,,,
,,,,,,
$FREQUENCY =   0.9000000E+03,,,,,,
720,1.88E+00,8.28E+00,-1.14E+00,3.94E+00,1.95E+01,-2.38E+00
721,1.88E+00,8.28E+00,-1.14E+00,3.94E+00,1.95E+01,-2.38E+00
722,-8.12E-01,7.43E-01,-2.75E-02,9.56E-02,9.43E+00,1.90E-02
723,-1.27E-01,3.44E+00,7.75E-02,4.79E-02,8.81E+00,-2.85E-02
,,,,,,
,,,,,,
,,,,,,
,,,,,,
,,,,,,
,,,,,,
,,,,,,
$FREQUENCY =   0.9100000E+03,,,,,,
720,1.32E+00,5.51E+00,-7.99E-01,3.08E-01,1.52E+00,-1.86E-01
721,1.32E+00,5.51E+00,-7.99E-01,3.08E-01,1.52E+00,-1.86E-01
722,-1.17E-01,2.21E+00,-3.85E-04,1.98E-01,1.42E+00,9.40E-03
723,-1.08E-02,2.53E+00,6.73E-03,3.67E-02,7.12E-01,-2.22E-02
,,,,,,
,,,,,,
,,,,,,
,,,,,,
,,,,,,
,,,,,,
,,,,,,
$FREQUENCY =   0.9200000E+03,,,,,,
720,7.69E-01,2.78E+00,-4.65E-01,8.27E-02,4.09E-01,-5.00E-02
721,7.69E-01,2.78E+00,-4.65E-01,8.27E-02,4.09E-01,-5.00E-02
722,-4.53E-02,1.23E+00,5.35E-04,1.11E-01,5.62E-01,4.89E-03
723,-2.75E-03,1.35E+00,1.77E-03,1.97E-02,1.71E-01,-1.20E-02
,,,,,,
,,,,,,
,,,,,,
,,,,,,
,,,,,,
,,,,,,
,,,,,,
$FREQUENCY =   0.9300000E+03,,,,,,
720,5.49E-01,1.69E+00,-3.32E-01,3.53E-02,1.75E-01,-2.13E-02
721,5.49E-01,1.69E+00,-3.32E-01,3.53E-02,1.75E-01,-2.13E-02
722,-2.50E-02,8.24E-01,5.76E-04,7.46E-02,3.12E-01,3.18E-03
723,-9.24E-04,8.80E-01,6.24E-04,1.31E-02,5.18E-02,-7.92E-03
,,,,,,
,,,,,,
,,,,,,
,,,,,,
,,,,,,
,,,,,,
,,,,,,
$FREQUENCY =   0.9400000E+03,,,,,,
720,4.33E-01,1.12E+00,-2.62E-01,1.87E-02,9.23E-02,-1.13E-02
721,4.33E-01,1.12E+00,-2.62E-01,1.87E-02,9.23E-02,-1.13E-02
722,-1.60E-02,6.05E-01,5.32E-04,5.52E-02,2.01E-01,2.31E-03
723,-2.46E-04,6.38E-01,1.97E-04,9.56E-03,8.95E-03,-5.81E-03
,,,,,,
,,,,,,
,,,,,,
,,,,,,
,,,,,,
,,,,,,
,,,,,,
$FREQUENCY =   0.9500000E+03,,,,,,
720,3.60E-01,7.59E-01,-2.18E-01,1.12E-02,5.54E-02,-6.75E-03
721,3.60E-01,7.59E-01,-2.18E-01,1.12E-02,5.54E-02,-6.75E-03
722,-1.10E-02,4.71E-01,4.81E-04,4.34E-02,1.40E-01,1.79E-03
723,7.03E-05,4.92E-01,-5.08E-06,7.45E-03,-1.03E-02,-4.52E-03
,,,,,,
,,,,,,
,,,,,,
,,,,,,
,,,,,,
,,,,,,
,,,,,,
$FREQUENCY =   0.9600000E+03,,,,,,
720,3.11E-01,5.14E-01,-1.88E-01,7.28E-03,3.61E-02,-4.40E-03
721,3.11E-01,5.14E-01,-1.88E-01,7.28E-03,3.61E-02,-4.40E-03
722,-8.01E-03,3.81E-01,4.38E-04,3.54E-02,1.02E-01,1.44E-03
723,2.39E-04,3.94E-01,-1.14E-04,6.04E-03,-2.01E-02,-3.67E-03
,,,,,,
,,,,,,
,,,,,,
,,,,,,
,,,,,,
,,,,,,
,,,,,,
$FREQUENCY =   0.9700000E+03,,,,,,
720,2.75E-01,3.36E-01,-1.66E-01,5.03E-03,2.49E-02,-3.04E-03
721,2.75E-01,3.36E-01,-1.66E-01,5.03E-03,2.49E-02,-3.04E-03
722,-5.98E-03,3.17E-01,4.02E-04,2.98E-02,7.71E-02,1.19E-03
723,3.36E-04,3.26E-01,-1.77E-04,5.04E-03,-2.54E-02,-3.06E-03
,,,,,,
,,,,,,
,,,,,,
,,,,,,
,,,,,,
,,,,,,
,,,,,,
$FREQUENCY =   0.9800000E+03,,,,,,
720,2.48E-01,2.00E-01,-1.50E-01,3.64E-03,1.80E-02,-2.20E-03
721,2.48E-01,2.00E-01,-1.50E-01,3.64E-03,1.80E-02,-2.20E-03
722,-4.55E-03,2.70E-01,3.72E-04,2.55E-02,5.93E-02,1.01E-03
723,3.95E-04,2.75E-01,-2.16E-04,4.30E-03,-2.83E-02,-2.61E-03
,,,,,,
,,,,,,
,,,,,,
,,,,,,
,,,,,,
,,,,,,
,,,,,,
$FREQUENCY =   0.9900000E+03,,,,,,
720,2.26E-01,9.22E-02,-1.37E-01,2.72E-03,1.35E-02,-1.64E-03
721,2.26E-01,9.22E-02,-1.37E-01,2.72E-03,1.35E-02,-1.64E-03
722,-3.50E-03,2.34E-01,3.46E-04,2.23E-02,4.63E-02,8.76E-04
723,4.32E-04,2.36E-01,-2.41E-04,3.73E-03,-3.00E-02,-2.27E-03
,,,,,,
,,,,,,
,,,,,,
,,,,,,
,,,,,,
,,,,,,
,,,,,,
$FREQUENCY =   0.1000000E+04,,,,,,
720,2.08E-01,4.83E-03,-1.26E-01,2.10E-03,1.04E-02,-1.27E-03
721,2.08E-01,4.83E-03,-1.26E-01,2.10E-03,1.04E-02,-1.27E-03
722,-2.69E-03,2.05E-01,3.25E-04,1.97E-02,3.65E-02,7.67E-04
723,4.57E-04,2.06E-01,-2.58E-04,3.28E-03,-3.09E-02,-2.00E-03
,,,,,,
,,,,,,
,,,,,,
,,,,,,
,,,,,,
,,,,,,
,,,,,,
$FREQUENCY =   0.1010000E+04,,,,,,
720,1.94E-01,-6.77E-02,-1.17E-01,1.66E-03,8.23E-03,-1.00E-03
721,1.94E-01,-6.77E-02,-1.17E-01,1.66E-03,8.23E-03,-1.00E-03
722,-2.06E-03,1.82E-01,3.08E-04,1.77E-02,2.89E-02,6.79E-04
723,4.73E-04,1.82E-01,-2.68E-04,2.92E-03,-3.13E-02,-1.78E-03
,,,,,,
,,,,,,
,,,,,,
,,,,,,
,,,,,,
,,,,,,
,,,,,,
$FREQUENCY =   0.1020000E+04,,,,,,
720,1.81E-01,-1.29E-01,-1.10E-01,1.34E-03,6.63E-03,-8.06E-04
721,1.81E-01,-1.29E-01,-1.10E-01,1.34E-03,6.63E-03,-8.06E-04
722,-1.53E-03,1.63E-01,2.92E-04,1.60E-02,2.28E-02,6.08E-04
723,4.86E-04,1.62E-01,-2.74E-04,2.63E-03,-3.15E-02,-1.60E-03
,,,,,,
,,,,,,
,,,,,,
,,,,,,
,,,,,,
,,,,,,
,,,,,,
$FREQUENCY =   0.1030000E+04,,,,,,
720,1.71E-01,-1.79E-01,-1.03E-01,1.10E-03,5.49E-03,-6.55E-04
721,1.71E-01,-1.79E-01,-1.03E-01,1.10E-03,5.49E-03,-6.55E-04
722,-3.80E-03,1.48E-01,7.27E-04,1.46E-02,1.80E-02,5.55E-04
723,2.71E-04,1.46E-01,-3.74E-04,2.39E-03,-3.16E-02,-1.46E-03
,,,,,,
,,,,,,
,,,,,,
,,,,,,
,,,,,,
,,,,,,
,,,,,,
$FREQUENCY =   0.1040000E+04,,,,,,
720,1.62E-01,-2.27E-01,-9.81E-02,9.13E-04,4.54E-03,-5.51E-04
721,1.62E-01,-2.27E-01,-9.81E-02,9.13E-04,4.54E-03,-5.51E-04
722,-9.33E-04,1.34E-01,2.70E-04,1.34E-02,1.40E-02,4.99E-04
723,4.88E-04,1.31E-01,-2.91E-04,2.18E-03,-3.13E-02,-1.32E-03
,,,,,,
,,,,,,
,,,,,,
,,,,,,
,,,,,,
,,,,,,
,,,,,,
$FREQUENCY =   0.1050000E+04,,,,,,
720,1.54E-01,-2.67E-01,-9.32E-02,7.71E-04,3.84E-03,-4.65E-04
721,1.54E-01,-2.67E-01,-9.32E-02,7.71E-04,3.84E-03,-4.65E-04
722,-6.24E-04,1.23E-01,2.60E-04,1.24E-02,1.07E-02,4.56E-04
723,4.93E-04,1.20E-01,-2.92E-04,2.00E-03,-3.11E-02,-1.22E-03
,,,,,,
,,,,,,
,,,,,,
,,,,,,
,,,,,,
,,,,,,
,,,,,,
$FREQUENCY =   0.1060000E+04,,,,,,
720,1.47E-01,-3.03E-01,-8.89E-02,6.59E-04,3.28E-03,-3.98E-04
721,1.47E-01,-3.03E-01,-8.89E-02,6.59E-04,3.28E-03,-3.98E-04
722,-3.77E-04,1.13E-01,2.51E-04,1.15E-02,7.92E-03,4.20E-04
723,4.96E-04,1.10E-01,-2.93E-04,1.85E-03,-3.08E-02,-1.13E-03
,,,,,,
,,,,,,
,,,,,,
,,,,,,
,,,,,,
,,,,,,
,,,,,,
$FREQUENCY =   0.1070000E+04,,,,,,
720,1.40E-01,-3.34E-01,-8.51E-02,5.70E-04,2.84E-03,-3.44E-04
721,1.40E-01,-3.34E-01,-8.51E-02,5.70E-04,2.84E-03,-3.44E-04
722,-1.70E-04,1.05E-01,2.43E-04,1.08E-02,5.57E-03,3.88E-04
723,4.98E-04,1.01E-01,-2.94E-04,1.72E-03,-3.06E-02,-1.05E-03
,,,,,,
,,,,,,
,,,,,,
,,,,,,
,,,,,,
,,,,,,
,,,,,,
$FREQUENCY =   0.1080000E+04,,,,,,
720,1.35E-01,-3.63E-01,-8.17E-02,4.98E-04,2.48E-03,-3.01E-04
721,1.35E-01,-3.63E-01,-8.17E-02,4.98E-04,2.48E-03,-3.01E-04
722,8.91E-06,9.79E-02,2.37E-04,1.01E-02,3.56E-03,3.60E-04
723,4.99E-04,9.34E-02,-2.95E-04,1.61E-03,-3.03E-02,-9.78E-04
,,,,,,
,,,,,,
,,,,,,
,,,,,,
,,,,,,
,,,,,,
,,,,,,
$FREQUENCY =   0.1090000E+04,,,,,,
720,1.29E-01,-3.89E-01,-7.86E-02,4.40E-04,2.19E-03,-2.65E-04
721,1.29E-01,-3.89E-01,-7.86E-02,4.40E-04,2.19E-03,-2.65E-04
722,1.65E-04,9.16E-02,2.31E-04,9.54E-03,1.83E-03,3.36E-04
723,5.01E-04,8.68E-02,-2.97E-04,1.51E-03,-3.00E-02,-9.18E-04
,,,,,,
,,,,,,
,,,,,,
,,,,,,
,,,,,,
,,,,,,
,,,,,,
$FREQUENCY =   0.1100000E+04,,,,,,
720,1.25E-01,-4.13E-01,-7.58E-02,3.91E-04,1.95E-03,-2.36E-04
721,1.25E-01,-4.13E-01,-7.58E-02,3.91E-04,1.95E-03,-2.36E-04
722,3.04E-04,8.61E-02,2.26E-04,9.04E-03,3.10E-04,3.15E-04
723,5.02E-04,8.10E-02,-2.98E-04,1.42E-03,-2.98E-02,-8.64E-04
,,,,,,
,,,,,,
,,,,,,
,,,,,,
,,,,,,
,,,,,,
,,,,,,
$FREQUENCY =   0.1110000E+04,,,,,,
720,1.20E-01,-4.34E-01,-7.32E-02,3.51E-04,1.75E-03,-2.11E-04
721,1.20E-01,-4.34E-01,-7.32E-02,3.51E-04,1.75E-03,-2.11E-04
722,4.28E-04,8.12E-02,2.22E-04,8.60E-03,-1.03E-03,2.96E-04
723,5.04E-04,7.58E-02,-2.99E-04,1.34E-03,-2.96E-02,-8.17E-04
,,,,,,
,,,,,,
,,,,,,
,,,,,,
,,,,,,
,,,,,,
,,,,,,
$FREQUENCY =   0.1120000E+04,,,,,,
720,1.17E-01,-4.54E-01,-7.08E-02,3.17E-04,1.58E-03,-1.91E-04
721,1.17E-01,-4.54E-01,-7.08E-02,3.17E-04,1.58E-03,-1.91E-04
722,5.40E-04,7.69E-02,2.19E-04,8.21E-03,-2.21E-03,2.79E-04
723,5.05E-04,7.12E-02,-3.00E-04,1.27E-03,-2.94E-02,-7.75E-04
,,,,,,
,,,,,,
,,,,,,
,,,,,,
,,,,,,
,,,,,,
,,,,,,
$FREQUENCY =   0.1130000E+04,,,,,,
720,1.13E-01,-4.73E-01,-6.86E-02,2.89E-04,1.44E-03,-1.74E-04
721,1.13E-01,-4.73E-01,-6.86E-02,2.89E-04,1.44E-03,-1.74E-04
722,6.43E-04,7.30E-02,2.16E-04,7.86E-03,-3.27E-03,2.63E-04
723,5.08E-04,6.72E-02,-3.02E-04,1.21E-03,-2.92E-02,-7.37E-04
,,,,,,
,,,,,,
,,,,,,
,,,,,,
,,,,,,
,,,,,,
,,,,,,
$FREQUENCY =   0.1140000E+04,,,,,,
720,1.10E-01,-4.90E-01,-6.66E-02,2.64E-04,1.32E-03,-1.59E-04
721,1.10E-01,-4.90E-01,-6.66E-02,2.64E-04,1.32E-03,-1.59E-04
722,7.38E-04,6.95E-02,2.13E-04,7.55E-03,-4.23E-03,2.50E-04
723,5.10E-04,6.35E-02,-3.03E-04,1.15E-03,-2.91E-02,-7.04E-04
,,,,,,
,,,,,,
,,,,,,
,,,,,,
,,,,,,
,,,,,,
,,,,,,
$FREQUENCY =   0.1150000E+04,,,,,,
720,1.06E-01,-5.06E-01,-6.47E-02,2.44E-04,1.22E-03,-1.47E-04
721,1.06E-01,-5.06E-01,-6.47E-02,2.44E-04,1.22E-03,-1.47E-04
722,8.26E-04,6.64E-02,2.11E-04,7.27E-03,-5.11E-03,2.37E-04
723,5.13E-04,6.02E-02,-3.05E-04,1.10E-03,-2.90E-02,-6.73E-04
,,,,,,
,,,,,,
,,,,,,
,,,,,,
,,,,,,
,,,,,,
,,,,,,
$FREQUENCY =   0.1160000E+04,,,,,,
720,1.03E-01,-5.21E-01,-6.29E-02,2.26E-04,1.13E-03,-1.36E-04
721,1.03E-01,-5.21E-01,-6.29E-02,2.26E-04,1.13E-03,-1.36E-04
722,9.10E-04,6.37E-02,2.09E-04,7.02E-03,-5.92E-03,2.26E-04
723,5.16E-04,5.72E-02,-3.08E-04,1.06E-03,-2.89E-02,-6.46E-04
,,,,,,
,,,,,,
,,,,,,
,,,,,,
,,,,,,
,,,,,,
,,,,,,
$FREQUENCY =   0.1170000E+04,,,,,,
720,1.01E-01,-5.36E-01,-6.13E-02,2.11E-04,1.06E-03,-1.27E-04
721,1.01E-01,-5.36E-01,-6.13E-02,2.11E-04,1.06E-03,-1.27E-04
722,9.90E-04,6.12E-02,2.08E-04,6.80E-03,-6.66E-03,2.15E-04
723,5.20E-04,5.45E-02,-3.10E-04,1.02E-03,-2.89E-02,-6.21E-04
,,,,,,
,,,,,,
,,,,,,
,,,,,,
,,,,,,
,,,,,,
,,,,,,
$FREQUENCY =   0.1180000E+04,,,,,,
720,9.81E-02,-5.49E-01,-5.97E-02,1.98E-04,9.91E-04,-1.19E-04
721,9.81E-02,-5.49E-01,-5.97E-02,1.98E-04,9.91E-04,-1.19E-04
722,1.07E-03,5.89E-02,2.07E-04,6.60E-03,-7.37E-03,2.06E-04
723,5.25E-04,5.21E-02,-3.13E-04,9.79E-04,-2.89E-02,-5.99E-04
,,,,,,
,,,,,,
,,,,,,
,,,,,,
,,,,,,
,,,,,,
,,,,,,
$FREQUENCY =   0.1190000E+04,,,,,,
720,9.57E-02,-5.62E-01,-5.82E-02,1.87E-04,9.36E-04,-1.12E-04
721,9.57E-02,-5.62E-01,-5.82E-02,1.87E-04,9.36E-04,-1.12E-04
722,1.14E-03,5.69E-02,2.07E-04,6.43E-03,-8.03E-03,1.97E-04
723,5.30E-04,4.99E-02,-3.16E-04,9.46E-04,-2.89E-02,-5.79E-04
,,,,,,
,,,,,,
,,,,,,
,,,,,,
,,,,,,
,,,,,,
,,,,,,
$FREQUENCY =   0.1200000E+04,,,,,,
720,9.33E-02,-5.74E-01,-5.68E-02,1.77E-04,8.88E-04,-1.07E-04
721,9.33E-02,-5.74E-01,-5.68E-02,1.77E-04,8.88E-04,-1.07E-04
722,1.22E-03,5.50E-02,2.07E-04,6.27E-03,-8.66E-03,1.89E-04
723,5.35E-04,4.78E-02,-3.20E-04,9.16E-04,-2.89E-02,-5.60E-04
,,,,,,
,,,,,,
,,,,,,
,,,,,,
,,,,,,
,,,,,,
,,,,,,
$FREQUENCY =   0.1210000E+04,,,,,,
720,9.12E-02,-5.85E-01,-5.55E-02,1.69E-04,8.46E-04,-1.02E-04
721,9.12E-02,-5.85E-01,-5.55E-02,1.69E-04,8.46E-04,-1.02E-04
722,1.29E-03,5.34E-02,2.07E-04,6.13E-03,-9.27E-03,1.82E-04
723,5.42E-04,4.60E-02,-3.24E-04,8.88E-04,-2.90E-02,-5.44E-04
,,,,,,
,,,,,,
,,,,,,
,,,,,,
,,,,,,
,,,,,,
,,,,,,
$FREQUENCY =   0.1220000E+04,,,,,,
720,8.91E-02,-5.96E-01,-5.43E-02,1.62E-04,8.11E-04,-9.72E-05
721,8.91E-02,-5.96E-01,-5.43E-02,1.62E-04,8.11E-04,-9.72E-05
722,1.36E-03,5.19E-02,2.07E-04,6.01E-03,-9.86E-03,1.75E-04
723,5.49E-04,4.43E-02,-3.28E-04,8.63E-04,-2.92E-02,-5.28E-04
,,,,,,
,,,,,,
,,,,,,
,,,,,,
,,,,,,
,,,,,,
,,,,,,
$FREQUENCY =   0.1230000E+04,,,,,,
720,8.71E-02,-6.07E-01,-5.31E-02,1.55E-04,7.81E-04,-9.35E-05
721,8.71E-02,-6.07E-01,-5.31E-02,1.55E-04,7.81E-04,-9.35E-05
722,1.43E-03,5.06E-02,2.08E-04,5.90E-03,-1.04E-02,1.69E-04
723,5.57E-04,4.28E-02,-3.33E-04,8.40E-04,-2.93E-02,-5.15E-04
,,,,,,
,,,,,,
,,,,,,
,,,,,,
,,,,,,
,,,,,,
,,,,,,
$FREQUENCY =   0.1240000E+04,,,,,,
720,8.52E-02,-6.17E-01,-5.19E-02,1.50E-04,7.55E-04,-9.04E-05
721,8.52E-02,-6.17E-01,-5.19E-02,1.50E-04,7.55E-04,-9.04E-05
722,1.51E-03,4.93E-02,2.10E-04,5.80E-03,-1.10E-02,1.63E-04
723,5.65E-04,4.13E-02,-3.38E-04,8.19E-04,-2.95E-02,-5.02E-04
,,,,,,
,,,,,,
,,,,,,
,,,,,,
,,,,,,
,,,,,,
,,,,,,
$FREQUENCY =   0.1250000E+04,,,,,,
720,8.33E-02,-6.26E-01,-5.08E-02,1.46E-04,7.34E-04,-8.78E-05
721,8.33E-02,-6.26E-01,-5.08E-02,1.46E-04,7.34E-04,-8.78E-05
722,1.58E-03,4.83E-02,2.11E-04,5.72E-03,-1.16E-02,1.58E-04
723,5.74E-04,4.00E-02,-3.44E-04,8.00E-04,-2.98E-02,-4.91E-04
,,,,,,
,,,,,,
,,,,,,
,,,,,,
,,,,,,
,,,,,,
,,,,,,
$FREQUENCY =   0.1260000E+04,,,,,,
720,8.16E-02,-6.36E-01,-4.98E-02,1.42E-04,7.16E-04,-8.56E-05
721,8.16E-02,-6.36E-01,-4.98E-02,1.42E-04,7.16E-04,-8.56E-05
722,1.66E-03,4.73E-02,2.13E-04,5.65E-03,-1.21E-02,1.52E-04
723,5.85E-04,3.88E-02,-3.51E-04,7.83E-04,-3.01E-02,-4.80E-04
,,,,,,
,,,,,,
,,,,,,
,,,,,,
,,,,,,
,,,,,,
,,,,,,
$FREQUENCY =   0.1270000E+04,,,,,,
720,7.99E-02,-6.45E-01,-4.88E-02,1.40E-04,7.02E-04,-8.39E-05
721,7.99E-02,-6.45E-01,-4.88E-02,1.40E-04,7.02E-04,-8.39E-05
722,1.74E-03,4.65E-02,2.15E-04,5.59E-03,-1.27E-02,1.48E-04
723,5.96E-04,3.77E-02,-3.58E-04,7.67E-04,-3.04E-02,-4.71E-04
,,,,,,
,,,,,,
,,,,,,
,,,,,,
,,,,,,
,,,,,,
,,,,,,
$FREQUENCY =   0.1280000E+04,,,,,,
720,7.83E-02,-6.53E-01,-4.78E-02,1.37E-04,6.91E-04,-8.25E-05
721,7.83E-02,-6.53E-01,-4.78E-02,1.37E-04,6.91E-04,-8.25E-05
722,1.82E-03,4.57E-02,2.18E-04,5.54E-03,-1.33E-02,1.43E-04
723,6.08E-04,3.67E-02,-3.65E-04,7.53E-04,-3.07E-02,-4.63E-04
,,,,,,
,,,,,,
,,,,,,
,,,,,,
,,,,,,
,,,,,,
,,,,,,
$FREQUENCY =   0.1290000E+04,,,,,,
720,7.67E-02,-6.62E-01,-4.69E-02,1.36E-04,6.84E-04,-8.15E-05
721,7.67E-02,-6.62E-01,-4.69E-02,1.36E-04,6.84E-04,-8.15E-05
722,1.90E-03,4.51E-02,2.20E-04,5.51E-03,-1.39E-02,1.39E-04
723,6.21E-04,3.58E-02,-3.74E-04,7.40E-04,-3.12E-02,-4.55E-04
,,,,,,
,,,,,,
,,,,,,
,,,,,,
,,,,,,
,,,,,,
,,,,,,
$FREQUENCY =   0.1300000E+04,,,,,,
720,7.52E-02,-6.70E-01,-4.60E-02,1.35E-04,6.79E-04,-8.09E-05
721,7.52E-02,-6.70E-01,-4.60E-02,1.35E-04,6.79E-04,-8.09E-05
722,1.98E-03,4.45E-02,2.23E-04,5.48E-03,-1.45E-02,1.35E-04
723,6.35E-04,3.49E-02,-3.83E-04,7.29E-04,-3.16E-02,-4.48E-04
,,,,,,
,,,,,,
,,,,,,
,,,,,,
,,,,,,
,,,,,,
,,,,,,
$FREQUENCY =   0.1310000E+04,,,,,,
720,7.37E-02,-6.78E-01,-4.51E-02,1.34E-04,6.78E-04,-8.07E-05
721,7.37E-02,-6.78E-01,-4.51E-02,1.34E-04,6.78E-04,-8.07E-05
722,2.07E-03,4.41E-02,2.25E-04,5.47E-03,-1.52E-02,1.31E-04
723,6.50E-04,3.42E-02,-3.94E-04,7.19E-04,-3.21E-02,-4.42E-04
,,,,,,
,,,,,,
,,,,,,
,,,,,,
,,,,,,
,,,,,,
,,,,,,
$FREQUENCY =   0.1320000E+04,,,,,,
720,7.24E-02,-6.86E-01,-4.42E-02,1.36E-04,6.78E-04,-8.02E-05
721,7.24E-02,-6.86E-01,-4.42E-02,1.36E-04,6.78E-04,-8.02E-05
722,2.01E-03,4.36E-02,1.90E-04,5.45E-03,-1.58E-02,1.26E-04
723,6.58E-04,3.34E-02,-4.20E-04,7.09E-04,-3.27E-02,-4.37E-04
,,,,,,
,,,,,,
,,,,,,
,,,,,,
,,,,,,
,,,,,,
,,,,,,
$FREQUENCY =   0.1330000E+04,,,,,,
720,7.09E-02,-6.93E-01,-4.34E-02,1.35E-04,6.84E-04,-8.14E-05
721,7.09E-02,-6.93E-01,-4.34E-02,1.35E-04,6.84E-04,-8.14E-05
722,2.34E-03,4.34E-02,2.46E-04,5.47E-03,-1.65E-02,1.24E-04
723,6.90E-04,3.28E-02,-4.09E-04,7.03E-04,-3.34E-02,-4.33E-04
,,,,,,
,,,,,,
,,,,,,
,,,,,,
,,,,,,
,,,,,,
,,,,,,
$FREQUENCY =   0.1340000E+04,,,,,,
720,6.95E-02,-7.01E-01,-4.26E-02,1.37E-04,6.92E-04,-8.22E-05
721,6.95E-02,-7.01E-01,-4.26E-02,1.37E-04,6.92E-04,-8.22E-05
722,2.43E-03,4.32E-02,2.48E-04,5.48E-03,-1.73E-02,1.20E-04
723,7.08E-04,3.22E-02,-4.23E-04,6.96E-04,-3.41E-02,-4.29E-04
,,,,,,
,,,,,,
,,,,,,
,,,,,,
,,,,,,
,,,,,,
,,,,,,
$FREQUENCY =   0.1350000E+04,,,,,,
720,6.82E-02,-7.08E-01,-4.18E-02,1.39E-04,7.02E-04,-8.34E-05
721,6.82E-02,-7.08E-01,-4.18E-02,1.39E-04,7.02E-04,-8.34E-05
722,2.54E-03,4.31E-02,2.53E-04,5.51E-03,-1.81E-02,1.17E-04
723,7.30E-04,3.17E-02,-4.37E-04,6.90E-04,-3.49E-02,-4.26E-04
,,,,,,
,,,,,,
,,,,,,
,,,,,,
,,,,,,
,,,,,,
,,,,,,
$FREQUENCY =   0.1360000E+04,,,,,,
720,6.69E-02,-7.16E-01,-4.10E-02,1.42E-04,7.17E-04,-8.50E-05
721,6.69E-02,-7.16E-01,-4.10E-02,1.42E-04,7.17E-04,-8.50E-05
722,2.67E-03,4.31E-02,2.59E-04,5.54E-03,-1.89E-02,1.13E-04
723,7.54E-04,3.12E-02,-4.52E-04,6.85E-04,-3.57E-02,-4.23E-04
,,,,,,
,,,,,,
,,,,,,
,,,,,,
,,,,,,
,,,,,,
,,,,,,
$FREQUENCY =   0.1370000E+04,,,,,,
720,6.56E-02,-7.23E-01,-4.02E-02,1.45E-04,7.35E-04,-8.71E-05
721,6.56E-02,-7.23E-01,-4.02E-02,1.45E-04,7.35E-04,-8.71E-05
722,2.80E-03,4.31E-02,2.66E-04,5.59E-03,-1.98E-02,1.10E-04
723,7.80E-04,3.07E-02,-4.68E-04,6.82E-04,-3.67E-02,-4.21E-04
,,,,,,
,,,,,,
,,,,,,
,,,,,,
,,,,,,
,,,,,,
,,,,,,
$FREQUENCY =   0.1380000E+04,,,,,,
720,6.43E-02,-7.30E-01,-3.95E-02,1.49E-04,7.57E-04,-8.97E-05
721,6.43E-02,-7.30E-01,-3.95E-02,1.49E-04,7.57E-04,-8.97E-05
722,2.95E-03,4.33E-02,2.74E-04,5.65E-03,-2.07E-02,1.07E-04
723,8.08E-04,3.03E-02,-4.85E-04,6.79E-04,-3.77E-02,-4.20E-04
,,,,,,
,,,,,,
,,,,,,
,,,,,,
,,,,,,
,,,,,,
,,,,,,
$FREQUENCY =   0.1390000E+04,,,,,,
720,6.31E-02,-7.37E-01,-3.87E-02,1.55E-04,7.84E-04,-9.28E-05
721,6.31E-02,-7.37E-01,-3.87E-02,1.55E-04,7.84E-04,-9.28E-05
722,3.11E-03,4.35E-02,2.83E-04,5.72E-03,-2.18E-02,1.04E-04
723,8.39E-04,3.00E-02,-5.04E-04,6.77E-04,-3.89E-02,-4.19E-04
,,,,,,
,,,,,,
,,,,,,
,,,,,,
,,,,,,
,,,,,,
,,,,,,
$FREQUENCY =   0.1400000E+04,,,,,,
720,6.18E-02,-7.44E-01,-3.80E-02,1.61E-04,8.16E-04,-9.65E-05
721,6.18E-02,-7.44E-01,-3.80E-02,1.61E-04,8.16E-04,-9.65E-05
722,3.29E-03,4.39E-02,2.92E-04,5.80E-03,-2.29E-02,1.00E-04
723,8.73E-04,2.97E-02,-5.25E-04,6.76E-04,-4.01E-02,-4.19E-04
,,,,,,
,,,,,,
,,,,,,
,,,,,,
,,,,,,
,,,,,,
,,,,,,
$FREQUENCY =   0.1410000E+04,,,,,,
720,6.06E-02,-7.50E-01,-3.73E-02,1.68E-04,8.54E-04,-1.01E-04
721,6.06E-02,-7.50E-01,-3.73E-02,1.68E-04,8.54E-04,-1.01E-04
722,3.48E-03,4.43E-02,3.03E-04,5.90E-03,-2.41E-02,9.70E-05
723,9.10E-04,2.94E-02,-5.48E-04,6.76E-04,-4.15E-02,-4.20E-04
,,,,,,
,,,,,,
,,,,,,
,,,,,,
,,,,,,
,,,,,,
,,,,,,
$FREQUENCY =   0.1420000E+04,,,,,,
720,5.94E-02,-7.57E-01,-3.65E-02,1.77E-04,8.99E-04,-1.06E-04
721,5.94E-02,-7.57E-01,-3.65E-02,1.77E-04,8.99E-04,-1.06E-04
722,3.69E-03,4.49E-02,3.15E-04,6.02E-03,-2.54E-02,9.35E-05
723,9.52E-04,2.92E-02,-5.73E-04,6.78E-04,-4.31E-02,-4.21E-04
,,,,,,
,,,,,,
,,,,,,
,,,,,,
,,,,,,
,,,,,,
,,,,,,
$FREQUENCY =   0.1430000E+04,,,,,,
720,5.82E-02,-7.64E-01,-3.58E-02,1.87E-04,9.52E-04,-1.12E-04
721,5.82E-02,-7.64E-01,-3.58E-02,1.87E-04,9.52E-04,-1.12E-04
722,3.92E-03,4.55E-02,3.28E-04,6.15E-03,-2.68E-02,8.98E-05
723,9.97E-04,2.90E-02,-6.01E-04,6.80E-04,-4.48E-02,-4.23E-04
,,,,,,
,,,,,,
,,,,,,
,,,,,,
,,,,,,
,,,,,,
,,,,,,
$FREQUENCY =   0.1440000E+04,,,,,,
720,5.70E-02,-7.71E-01,-3.51E-02,1.99E-04,1.01E-03,-1.20E-04
721,5.70E-02,-7.71E-01,-3.51E-02,1.99E-04,1.01E-03,-1.20E-04
722,4.17E-03,4.63E-02,3.43E-04,6.30E-03,-2.84E-02,8.59E-05
723,1.05E-03,2.89E-02,-6.32E-04,6.83E-04,-4.67E-02,-4.25E-04
,,,,,,
,,,,,,
,,,,,,
,,,,,,
,,,,,,
,,,,,,
,,,,,,
$FREQUENCY =   0.1450000E+04,,,,,,
720,5.58E-02,-7.78E-01,-3.44E-02,2.14E-04,1.09E-03,-1.28E-04
721,5.58E-02,-7.78E-01,-3.44E-02,2.14E-04,1.09E-03,-1.28E-04
722,4.46E-03,4.73E-02,3.60E-04,6.47E-03,-3.02E-02,8.17E-05
723,1.10E-03,2.88E-02,-6.66E-04,6.87E-04,-4.88E-02,-4.28E-04
,,,,,,
,,,,,,
,,,,,,
,,,,,,
,,,,,,
,,,,,,
,,,,,,
$FREQUENCY =   0.1460000E+04,,,,,,
720,5.46E-02,-7.85E-01,-3.37E-02,2.31E-04,1.18E-03,-1.38E-04
721,5.46E-02,-7.85E-01,-3.37E-02,2.31E-04,1.18E-03,-1.38E-04
722,4.78E-03,4.84E-02,3.78E-04,6.67E-03,-3.22E-02,7.71E-05
723,1.17E-03,2.87E-02,-7.04E-04,6.93E-04,-5.12E-02,-4.32E-04
,,,,,,
,,,,,,
,,,,,,
,,,,,,
,,,,,,
,,,,,,
,,,,,,
$FREQUENCY =   0.1470000E+04,,,,,,
720,5.33E-02,-7.92E-01,-3.29E-02,2.51E-04,1.28E-03,-1.51E-04
721,5.33E-02,-7.92E-01,-3.29E-02,2.51E-04,1.28E-03,-1.51E-04
722,5.14E-03,4.97E-02,3.99E-04,6.89E-03,-3.44E-02,7.21E-05
723,1.24E-03,2.87E-02,-7.47E-04,6.99E-04,-5.39E-02,-4.37E-04
,,,,,,
,,,,,,
,,,,,,
,,,,,,
,,,,,,
,,,,,,
,,,,,,
$FREQUENCY =   0.1480000E+04,,,,,,
720,5.21E-02,-7.99E-01,-3.22E-02,2.76E-04,1.41E-03,-1.65E-04
721,5.21E-02,-7.99E-01,-3.22E-02,2.76E-04,1.41E-03,-1.65E-04
722,5.54E-03,5.13E-02,4.23E-04,7.15E-03,-3.69E-02,6.64E-05
723,1.32E-03,2.87E-02,-7.96E-04,7.07E-04,-5.70E-02,-4.43E-04
,,,,,,
,,,,,,
,,,,,,
,,,,,,
,,,,,,
,,,,,,
,,,,,,
$FREQUENCY =   0.1490000E+04,,,,,,
720,5.08E-02,-8.06E-01,-3.14E-02,3.06E-04,1.56E-03,-1.83E-04
721,5.08E-02,-8.06E-01,-3.14E-02,3.06E-04,1.56E-03,-1.83E-04
722,6.01E-03,5.31E-02,4.50E-04,7.44E-03,-3.97E-02,6.00E-05
723,1.41E-03,2.88E-02,-8.52E-04,7.16E-04,-6.05E-02,-4.49E-04
,,,,,,
,,,,,,
,,,,,,
,,,,,,
,,,,,,
,,,,,,
,,,,,,
$FREQUENCY =   0.1500000E+04,,,,,,
720,4.95E-02,-8.13E-01,-3.07E-02,3.43E-04,1.75E-03,-2.05E-04
721,4.95E-02,-8.13E-01,-3.07E-02,3.43E-04,1.75E-03,-2.05E-04
722,6.54E-03,5.51E-02,4.81E-04,7.78E-03,-4.30E-02,5.25E-05
723,1.52E-03,2.89E-02,-9.17E-04,7.26E-04,-6.46E-02,-4.56E-04
,,,,,,
,,,,,,
,,,,,,
,,,,,,
,,,,,,
,,,,,,
,,,,,,
$FREQUENCY =   0.1510000E+04,,,,,,
720,4.82E-02,-8.21E-01,-2.99E-02,3.89E-04,1.99E-03,-2.33E-04
721,4.82E-02,-8.21E-01,-2.99E-02,3.89E-04,1.99E-03,-2.33E-04
722,7.17E-03,5.76E-02,5.16E-04,8.17E-03,-4.69E-02,4.37E-05
723,1.64E-03,2.90E-02,-9.91E-04,7.38E-04,-6.93E-02,-4.65E-04
,,,,,,
,,,,,,
,,,,,,
,,,,,,
,,,,,,
,,,,,,
,,,,,,
$FREQUENCY =   0.1520000E+04,,,,,,
720,4.68E-02,-8.29E-01,-2.91E-02,4.46E-04,2.28E-03,-2.67E-04
721,4.68E-02,-8.29E-01,-2.91E-02,4.46E-04,2.28E-03,-2.67E-04
722,7.90E-03,6.04E-02,5.58E-04,8.62E-03,-5.14E-02,3.30E-05
723,1.78E-03,2.91E-02,-1.08E-03,7.50E-04,-7.48E-02,-4.74E-04
,,,,,,
,,,,,,
,,,,,,
,,,,,,
,,,,,,
,,,,,,
,,,,,,
$FREQUENCY =   0.1530000E+04,,,,,,
720,4.53E-02,-8.37E-01,-2.82E-02,5.21E-04,2.67E-03,-3.12E-04
721,4.53E-02,-8.37E-01,-2.82E-02,5.21E-04,2.67E-03,-3.12E-04
722,8.78E-03,6.38E-02,6.08E-04,9.16E-03,-5.68E-02,1.99E-05
723,1.95E-03,2.93E-02,-1.18E-03,7.64E-04,-8.13E-02,-4.85E-04
,,,,,,
,,,,,,
,,,,,,
,,,,,,
,,,,,,
,,,,,,
,,,,,,
$FREQUENCY =   0.1540000E+04,,,,,,
720,4.38E-02,-8.46E-01,-2.73E-02,6.18E-04,3.17E-03,-3.70E-04
721,4.38E-02,-8.46E-01,-2.73E-02,6.18E-04,3.17E-03,-3.70E-04
722,9.85E-03,6.79E-02,6.68E-04,9.79E-03,-6.33E-02,3.45E-06
723,2.16E-03,2.94E-02,-1.31E-03,7.78E-04,-8.92E-02,-4.95E-04
,,,,,,
,,,,,,
,,,,,,
,,,,,,
,,,,,,
,,,,,,
,,,,,,
$FREQUENCY =   0.1550000E+04,,,,,,
720,4.21E-02,-8.55E-01,-2.63E-02,7.50E-04,3.85E-03,-4.49E-04
721,4.21E-02,-8.55E-01,-2.63E-02,7.50E-04,3.85E-03,-4.49E-04
722,1.12E-02,7.27E-02,7.40E-04,1.05E-02,-7.14E-02,-1.80E-05
723,2.41E-03,2.95E-02,-1.46E-03,7.92E-04,-9.89E-02,-5.07E-04
,,,,,,
,,,,,,
,,,,,,
,,,,,,
,,,,,,
,,,,,,
,,,,,,
$FREQUENCY =   0.1560000E+04,,,,,,
720,4.03E-02,-8.65E-01,-2.52E-02,9.34E-04,4.80E-03,-5.59E-04
721,4.03E-02,-8.65E-01,-2.52E-02,9.34E-04,4.80E-03,-5.59E-04
722,1.28E-02,7.87E-02,8.31E-04,1.14E-02,-8.17E-02,-4.67E-05
723,2.73E-03,2.93E-02,-1.65E-03,8.03E-04,-1.11E-01,-5.17E-04
,,,,,,
,,,,,,
,,,,,,
,,,,,,
,,,,,,
,,,,,,
,,,,,,
$FREQUENCY =   0.1570000E+04,,,,,,
720,3.82E-02,-8.77E-01,-2.40E-02,1.20E-03,6.17E-03,-7.19E-04
721,3.82E-02,-8.77E-01,-2.40E-02,1.20E-03,6.17E-03,-7.19E-04
722,1.50E-02,8.60E-02,9.46E-04,1.26E-02,-9.51E-02,-8.68E-05
723,3.14E-03,2.88E-02,-1.90E-03,8.06E-04,-1.27E-01,-5.23E-04
,,,,,,
,,,,,,
,,,,,,
,,,,,,
,,,,,,
,,,,,,
,,,,,,
$FREQUENCY =   0.1580000E+04,,,,,,
720,3.58E-02,-8.90E-01,-2.25E-02,1.61E-03,8.28E-03,-9.63E-04
721,3.58E-02,-8.90E-01,-2.25E-02,1.61E-03,8.28E-03,-9.63E-04
722,1.80E-02,9.53E-02,1.10E-03,1.39E-02,-1.13E-01,-1.46E-04
723,3.68E-03,2.73E-02,-2.24E-03,7.91E-04,-1.47E-01,-5.20E-04
,,,,,,
,,,,,,
,,,,,,
,,,,,,
,,,,,,
,,,,,,
,,,,,,
$FREQUENCY =   0.1590000E+04,,,,,,
720,3.28E-02,-9.07E-01,-2.07E-02,2.28E-03,1.17E-02,-1.36E-03
721,3.28E-02,-9.07E-01,-2.07E-02,2.28E-03,1.17E-02,-1.36E-03
722,2.23E-02,1.07E-01,1.31E-03,1.57E-02,-1.40E-01,-2.39E-04
723,4.45E-03,2.39E-02,-2.70E-03,7.32E-04,-1.76E-01,-4.92E-04
,,,,,,
,,,,,,
,,,,,,
,,,,,,
,,,,,,
,,,,,,
,,,,,,
$FREQUENCY =   0.1600000E+04,,,,,,
720,2.89E-02,-9.27E-01,-1.84E-02,3.50E-03,1.80E-02,-2.09E-03
721,2.89E-02,-9.27E-01,-1.84E-02,3.50E-03,1.80E-02,-2.09E-03
722,2.88E-02,1.22E-01,1.61E-03,1.78E-02,-1.80E-01,-4.00E-04
723,5.57E-03,1.59E-02,-3.39E-03,5.63E-04,-2.19E-01,-4.01E-04
,,,,,,
,,,,,,
,,,,,,
,,,,,,
,,,,,,
,,,,,,
,,,,,,
$FREQUENCY =   0.1610000E+04,,,,,,
720,2.34E-02,-9.56E-01,-1.52E-02,6.02E-03,3.10E-02,-3.60E-03
721,2.34E-02,-9.56E-01,-1.52E-02,6.02E-03,3.10E-02,-3.60E-03
722,3.98E-02,1.38E-01,2.07E-03,2.00E-02,-2.48E-01,-7.19E-04
723,7.38E-03,-5.26E-03,-4.49E-03,7.61E-05,-2.87E-01,-1.24E-04
,,,,,,
,,,,,,
,,,,,,
,,,,,,
,,,,,,
,,,,,,
,,,,,,
$FREQUENCY =   0.1620000E+04,,,,,,
720,1.51E-02,-1.00E+00,-1.02E-02,1.25E-02,6.44E-02,-7.46E-03
721,1.51E-02,-1.00E+00,-1.02E-02,1.25E-02,6.44E-02,-7.46E-03
722,6.13E-02,1.42E-01,2.80E-03,1.99E-02,-3.82E-01,-1.49E-03
723,1.06E-02,-7.14E-02,-6.44E-03,-1.54E-03,-4.07E-01,8.26E-04
,,,,,,
,,,,,,
,,,,,,
,,,,,,
,,,,,,
,,,,,,
,,,,,,
$FREQUENCY =   0.1630000E+04,,,,,,
720,5.30E-03,-1.05E+00,-4.37E-03,3.44E-02,1.77E-01,-2.05E-02
721,5.30E-03,-1.05E+00,-4.37E-03,3.44E-02,1.77E-01,-2.05E-02
722,1.07E-01,4.42E-03,3.52E-03,-3.88E-03,-6.75E-01,-3.96E-03
723,1.56E-02,-3.43E-01,-9.60E-03,-8.48E-03,-5.91E-01,5.00E-03
,,,,,,
,,,,,,
,,,,,,
,,,,,,
,,,,,,
,,,,,,
,,,,,,
$FREQUENCY =   0.1640000E+04,,,,,,
720,4.73E-02,-8.36E-01,-2.95E-02,7.14E-02,3.69E-01,-4.26E-02
721,4.73E-02,-8.36E-01,-2.95E-02,7.14E-02,3.69E-01,-4.26E-02
722,8.92E-02,-7.69E-01,-1.52E-03,-1.27E-01,-5.91E-01,-7.54E-03
723,3.77E-03,-9.75E-01,-2.57E-03,-2.54E-02,-1.16E-01,1.55E-02
,,,,,,
,,,,,,
,,,,,,
,,,,,,
,,,,,,
,,,,,,
,,,,,,
$FREQUENCY =   0.1650000E+04,,,,,,
720,7.44E-02,-6.97E-01,-4.56E-02,2.81E-02,1.45E-01,-1.68E-02
721,7.44E-02,-6.97E-01,-4.56E-02,2.81E-02,1.45E-01,-1.68E-02
722,-1.98E-02,-5.99E-01,-4.13E-03,-9.59E-02,9.64E-02,-2.55E-03
723,-1.01E-02,-4.70E-01,5.99E-03,-1.27E-02,3.96E-01,7.84E-03
,,,,,,
,,,,,,
,,,,,,
,,,,,,
,,,,,,
,,,,,,
,,,,,,
$FREQUENCY =   0.1660000E+04,,,,,,
720,6.37E-02,-7.53E-01,-3.93E-02,1.06E-02,5.49E-02,-6.33E-03
721,6.37E-02,-7.53E-01,-3.93E-02,1.06E-02,5.49E-02,-6.33E-03
722,-2.90E-02,-3.34E-01,-2.91E-03,-5.29E-02,1.64E-01,-7.51E-04
723,-8.24E-03,-2.04E-01,4.96E-03,-5.64E-03,3.17E-01,3.53E-03
,,,,,,
,,,,,,
,,,,,,
,,,,,,
,,,,,,
,,,,,,
,,,,,,
$FREQUENCY =   0.1670000E+04,,,,,,
720,5.58E-02,-7.94E-01,-3.46E-02,5.26E-03,2.72E-02,-3.14E-03
721,5.58E-02,-7.94E-01,-3.46E-02,5.26E-03,2.72E-02,-3.14E-03
722,-2.54E-02,-2.17E-01,-2.12E-03,-3.43E-02,1.46E-01,-2.39E-04
723,-6.32E-03,-1.11E-01,3.82E-03,-3.14E-03,2.40E-01,1.98E-03
,,,,,,
,,,,,,
,,,,,,
,,,,,,
,,,,,,
,,,,,,
,,,,,,
$FREQUENCY =   0.1680000E+04,,,,,,
720,5.06E-02,-8.22E-01,-3.15E-02,3.09E-03,1.60E-02,-1.84E-03
721,5.06E-02,-8.22E-01,-3.15E-02,3.09E-03,1.60E-02,-1.84E-03
722,-2.16E-02,-1.56E-01,-1.64E-03,-2.47E-02,1.24E-01,-4.51E-05
723,-5.05E-03,-6.88E-02,3.06E-03,-2.00E-03,1.90E-01,1.27E-03
,,,,,,
,,,,,,
,,,,,,
,,,,,,
,,,,,,
,,,,,,
,,,,,,
$FREQUENCY =   0.1690000E+04,,,,,,
720,4.68E-02,-8.43E-01,-2.92E-02,2.02E-03,1.05E-02,-1.21E-03
721,4.68E-02,-8.43E-01,-2.92E-02,2.02E-03,1.05E-02,-1.21E-03
722,-1.87E-02,-1.20E-01,-1.34E-03,-1.90E-02,1.07E-01,4.38E-05
723,-4.20E-03,-4.62E-02,2.54E-03,-1.37E-03,1.56E-01,8.85E-04
,,,,,,
,,,,,,
,,,,,,
,,,,,,
,,,,,,
,,,,,,
,,,,,,
$FREQUENCY =   0.1700000E+04,,,,,,
720,4.38E-02,-8.59E-01,-2.74E-02,1.42E-03,7.39E-03,-8.49E-04
721,4.38E-02,-8.59E-01,-2.74E-02,1.42E-03,7.39E-03,-8.49E-04
722,-1.64E-02,-9.66E-02,-1.13E-03,-1.53E-02,9.42E-02,9.03E-05
723,-3.58E-03,-3.25E-02,2.17E-03,-9.91E-04,1.33E-01,6.45E-04
,,,,,,
,,,,,,
,,,,,,
,,,,,,
,,,,,,
,,,,,,
,,,,,,
$FREQUENCY =   0.1710000E+04,,,,,,
720,4.13E-02,-8.73E-01,-2.59E-02,1.06E-03,5.49E-03,-6.30E-04
721,4.13E-02,-8.73E-01,-2.59E-02,1.06E-03,5.49E-03,-6.30E-04
722,-1.47E-02,-8.00E-02,-9.72E-04,-1.27E-02,8.38E-02,1.17E-04
723,-3.13E-03,-2.35E-02,1.90E-03,-7.35E-04,1.15E-01,4.84E-04
,,,,,,
,,,,,,
,,,,,,
,,,,,,
,,,,,,
,,,,,,
,,,,,,
$FREQUENCY =   0.1720000E+04,,,,,,
720,3.91E-02,-8.86E-01,-2.47E-02,8.13E-04,4.23E-03,-4.85E-04
721,3.91E-02,-8.86E-01,-2.47E-02,8.13E-04,4.23E-03,-4.85E-04
722,-1.33E-02,-6.78E-02,-8.52E-04,-1.08E-02,7.55E-02,1.34E-04
723,-2.78E-03,-1.71E-02,1.69E-03,-5.53E-04,1.01E-01,3.69E-04
,,,,,,
,,,,,,
,,,,,,
,,,,,,
,,,,,,
,,,,,,
,,,,,,
$FREQUENCY =   0.1730000E+04,,,,,,
720,3.73E-02,-8.96E-01,-2.35E-02,6.71E-04,3.47E-03,-3.95E-04
721,3.73E-02,-8.96E-01,-2.35E-02,6.71E-04,3.47E-03,-3.95E-04
722,-1.23E-02,-5.94E-02,-8.21E-04,-9.46E-03,6.98E-02,1.41E-04
723,-2.54E-03,-1.27E-02,1.54E-03,-4.26E-04,9.19E-02,2.89E-04
,,,,,,
,,,,,,
,,,,,,
,,,,,,
,,,,,,
,,,,,,
,,,,,,
$FREQUENCY =   0.1740000E+04,,,,,,
720,3.53E-02,-9.07E-01,-2.24E-02,5.31E-04,2.76E-03,-3.16E-04
721,3.53E-02,-9.07E-01,-2.24E-02,5.31E-04,2.76E-03,-3.16E-04
722,-1.13E-02,-5.12E-02,-6.99E-04,-8.18E-03,6.35E-02,1.51E-04
723,-2.29E-03,-8.87E-03,1.39E-03,-3.14E-04,8.21E-02,2.19E-04
,,,,,,
,,,,,,
,,,,,,
,,,,,,
,,,,,,
,,,,,,
,,,,,,
$FREQUENCY =   0.1750000E+04,,,,,,
720,3.35E-02,-9.17E-01,-2.14E-02,4.41E-04,2.30E-03,-2.63E-04
721,3.35E-02,-9.17E-01,-2.14E-02,4.41E-04,2.30E-03,-2.63E-04
722,-1.05E-02,-4.52E-02,-6.36E-04,-7.23E-03,5.88E-02,1.56E-04
723,-2.10E-03,-6.03E-03,1.28E-03,-2.30E-04,7.48E-02,1.65E-04
,,,,,,
,,,,,,
,,,,,,
,,,,,,
,,,,,,
,,,,,,
,,,,,,
$FREQUENCY =   0.1760000E+04,,,,,,
720,3.19E-02,-9.27E-01,-2.04E-02,3.73E-04,1.94E-03,-2.22E-04
721,3.19E-02,-9.27E-01,-2.04E-02,3.73E-04,1.94E-03,-2.22E-04
722,-9.82E-03,-4.02E-02,-5.84E-04,-6.44E-03,5.49E-02,1.60E-04
723,-1.94E-03,-3.76E-03,1.18E-03,-1.62E-04,6.88E-02,1.22E-04
,,,,,,
,,,,,,
,,,,,,
,,,,,,
,,,,,,
,,,,,,
,,,,,,
$FREQUENCY =   0.1770000E+04,,,,,,
720,3.02E-02,-9.37E-01,-1.94E-02,3.20E-04,1.67E-03,-1.90E-04
721,3.02E-02,-9.37E-01,-1.94E-02,3.20E-04,1.67E-03,-1.90E-04
722,-9.26E-03,-3.61E-02,-5.40E-04,-5.78E-03,5.15E-02,1.63E-04
723,-1.81E-03,-1.89E-03,1.10E-03,-1.05E-04,6.36E-02,8.63E-05
,,,,,,
,,,,,,
,,,,,,
,,,,,,
,,,,,,
,,,,,,
,,,,,,
$FREQUENCY =   0.1780000E+04,,,,,,
720,2.86E-02,-9.46E-01,-1.84E-02,2.77E-04,1.45E-03,-1.65E-04
721,2.86E-02,-9.46E-01,-1.84E-02,2.77E-04,1.45E-03,-1.65E-04
722,-8.77E-03,-3.25E-02,-5.03E-04,-5.22E-03,4.85E-02,1.65E-04
723,-1.69E-03,-3.28E-04,1.03E-03,-5.73E-05,5.91E-02,5.58E-05
,,,,,,
,,,,,,
,,,,,,
,,,,,,
,,,,,,
,,,,,,
,,,,,,
$FREQUENCY =   0.1790000E+04,,,,,,
720,2.70E-02,-9.56E-01,-1.75E-02,2.43E-04,1.27E-03,-1.44E-04
721,2.70E-02,-9.56E-01,-1.75E-02,2.43E-04,1.27E-03,-1.44E-04
722,-8.34E-03,-2.95E-02,-4.70E-04,-4.73E-03,4.59E-02,1.67E-04
723,-1.59E-03,9.95E-04,9.70E-04,-1.60E-05,5.52E-02,2.96E-05
,,,,,,
,,,,,,
,,,,,,
,,,,,,
,,,,,,
,,,,,,
,,,,,,
$FREQUENCY =   0.1800000E+04,,,,,,
720,2.54E-02,-9.65E-01,-1.65E-02,2.15E-04,1.12E-03,-1.27E-04
721,2.54E-02,-9.65E-01,-1.65E-02,2.15E-04,1.12E-03,-1.27E-04
722,-7.95E-03,-2.68E-02,-4.41E-04,-4.30E-03,4.36E-02,1.68E-04
723,-1.50E-03,2.13E-03,9.15E-04,2.00E-05,5.17E-02,6.70E-06
,,,,,,
,,,,,,
,,,,,,
,,,,,,
,,,,,,
,,,,,,
,,,,,,
$FREQUENCY =   0.1810000E+04,,,,,,
720,2.37E-02,-9.75E-01,-1.56E-02,1.91E-04,1.00E-03,-1.13E-04
721,2.37E-02,-9.75E-01,-1.56E-02,1.91E-04,1.00E-03,-1.13E-04
722,-7.61E-03,-2.44E-02,-4.15E-04,-3.91E-03,4.15E-02,1.70E-04
723,-1.42E-03,3.11E-03,8.67E-04,5.16E-05,4.86E-02,-1.34E-05
,,,,,,
,,,,,,
,,,,,,
,,,,,,
,,,,,,
,,,,,,
,,,,,,
$FREQUENCY =   0.1820000E+04,,,,,,
720,2.21E-02,-9.84E-01,-1.46E-02,1.71E-04,8.97E-04,-1.02E-04
721,2.21E-02,-9.84E-01,-1.46E-02,1.71E-04,8.97E-04,-1.02E-04
722,-7.30E-03,-2.23E-02,-3.91E-04,-3.57E-03,3.97E-02,1.71E-04
723,-1.35E-03,3.97E-03,8.23E-04,7.98E-05,4.58E-02,-3.14E-05
,,,,,,
,,,,,,
,,,,,,
,,,,,,
,,,,,,
,,,,,,
,,,,,,
$FREQUENCY =   0.1830000E+04,,,,,,
720,2.05E-02,-9.94E-01,-1.37E-02,1.54E-04,8.08E-04,-9.15E-05
721,2.05E-02,-9.94E-01,-1.37E-02,1.54E-04,8.08E-04,-9.15E-05
722,-7.02E-03,-2.04E-02,-3.70E-04,-3.26E-03,3.80E-02,1.72E-04
723,-1.28E-03,4.73E-03,7.83E-04,1.05E-04,4.33E-02,-4.74E-05
,,,,,,
,,,,,,
,,,,,,
,,,,,,
,,,,,,
,,,,,,
,,,,,,
$FREQUENCY =   0.1840000E+04,,,,,,
720,1.88E-02,-1.00E+00,-1.27E-02,1.39E-04,7.32E-04,-8.27E-05
721,1.88E-02,-1.00E+00,-1.27E-02,1.39E-04,7.32E-04,-8.27E-05
722,-6.76E-03,-1.87E-02,-3.50E-04,-2.98E-03,3.64E-02,1.72E-04
723,-1.22E-03,5.39E-03,7.47E-04,1.28E-04,4.10E-02,-6.19E-05
,,,,,,
,,,,,,
,,,,,,
,,,,,,
,,,,,,
,,,,,,
,,,,,,
$FREQUENCY =   0.1850000E+04,,,,,,
720,1.71E-02,-1.01E+00,-1.17E-02,1.26E-04,6.65E-04,-7.50E-05
721,1.71E-02,-1.01E+00,-1.17E-02,1.26E-04,6.65E-04,-7.50E-05
722,-6.52E-03,-1.71E-02,-3.32E-04,-2.73E-03,3.49E-02,1.73E-04
723,-1.17E-03,5.98E-03,7.12E-04,1.48E-04,3.88E-02,-7.50E-05
,,,,,,
,,,,,,
,,,,,,
,,,,,,
,,,,,,
,,,,,,
,,,,,,
$FREQUENCY =   0.1860000E+04,,,,,,
720,1.53E-02,-1.02E+00,-1.07E-02,1.15E-04,6.05E-04,-6.82E-05
721,1.53E-02,-1.02E+00,-1.07E-02,1.15E-04,6.05E-04,-6.82E-05
722,-6.29E-03,-1.57E-02,-3.15E-04,-2.49E-03,3.35E-02,1.73E-04
723,-1.11E-03,6.50E-03,6.80E-04,1.67E-04,3.68E-02,-8.68E-05
,,,,,,
,,,,,,
,,,,,,
,,,,,,
,,,,,,
,,,,,,
,,,,,,
$FREQUENCY =   0.1870000E+04,,,,,,
720,1.35E-02,-1.04E+00,-9.60E-03,1.05E-04,5.52E-04,-6.21E-05
721,1.35E-02,-1.04E+00,-9.60E-03,1.05E-04,5.52E-04,-6.21E-05
722,-6.06E-03,-1.43E-02,-2.99E-04,-2.26E-03,3.22E-02,1.73E-04
723,-1.06E-03,6.96E-03,6.50E-04,1.83E-04,3.49E-02,-9.76E-05
,,,,,,
,,,,,,
,,,,,,
,,,,,,
,,,,,,
,,,,,,
,,,,,,
$FREQUENCY =   0.1880000E+04,,,,,,
720,1.17E-02,-1.05E+00,-8.51E-03,9.55E-05,5.04E-04,-5.66E-05
721,1.17E-02,-1.05E+00,-8.51E-03,9.55E-05,5.04E-04,-5.66E-05
722,-5.85E-03,-1.31E-02,-2.83E-04,-2.06E-03,3.09E-02,1.73E-04
723,-1.01E-03,7.36E-03,6.21E-04,1.98E-04,3.31E-02,-1.07E-04
,,,,,,
,,,,,,
,,,,,,
,,,,,,
,,,,,,
,,,,,,
,,,,,,
$FREQUENCY =   0.1890000E+04,,,,,,
720,9.76E-03,-1.06E+00,-7.40E-03,8.70E-05,4.59E-04,-5.15E-05
721,9.76E-03,-1.06E+00,-7.40E-03,8.70E-05,4.59E-04,-5.15E-05
722,-5.64E-03,-1.19E-02,-2.68E-04,-1.86E-03,2.97E-02,1.72E-04
723,-9.67E-04,7.70E-03,5.92E-04,2.12E-04,3.14E-02,-1.16E-04
,,,,,,
,,,,,,
,,,,,,
,,,,,,
,,,,,,
,,,,,,
,,,,,,
$FREQUENCY =   0.1900000E+04,,,,,,
720,7.79E-03,-1.07E+00,-6.24E-03,7.91E-05,4.18E-04,-4.67E-05
721,7.79E-03,-1.07E+00,-6.24E-03,7.91E-05,4.18E-04,-4.67E-05
722,-5.43E-03,-1.08E-02,-2.53E-04,-1.67E-03,2.85E-02,1.71E-04
723,-9.20E-04,7.98E-03,5.64E-04,2.23E-04,2.97E-02,-1.23E-04
,,,,,,
,,,,,,
,,,,,,
,,,,,,
,,,,,,
,,,,,,
,,,,,,
$FREQUENCY =   0.1910000E+04,,,,,,
720,5.74E-03,-1.08E+00,-5.04E-03,7.16E-05,3.79E-04,-4.23E-05
721,5.74E-03,-1.08E+00,-5.04E-03,7.16E-05,3.79E-04,-4.23E-05
722,-5.22E-03,-9.77E-03,-2.39E-04,-1.50E-03,2.72E-02,1.70E-04
723,-8.74E-04,8.20E-03,5.36E-04,2.33E-04,2.80E-02,-1.30E-04
,,,,,,
,,,,,,
,,,,,,
,,,,,,
,,,,,,
,,,,,,
,,,,,,
$FREQUENCY =   0.1920000E+04,,,,,,
720,3.62E-03,-1.09E+00,-3.79E-03,6.46E-05,3.42E-04,-3.80E-05
721,3.62E-03,-1.09E+00,-3.79E-03,6.46E-05,3.42E-04,-3.80E-05
722,-5.00E-03,-8.77E-03,-2.24E-04,-1.33E-03,2.60E-02,1.67E-04
723,-8.28E-04,8.36E-03,5.08E-04,2.41E-04,2.64E-02,-1.35E-04
,,,,,,
,,,,,,
,,,,,,
,,,,,,
,,,,,,
,,,,,,
,,,,,,
$FREQUENCY =   0.1930000E+04,,,,,,
720,1.42E-03,-1.11E+00,-2.48E-03,5.72E-05,3.01E-04,-3.34E-05
721,1.42E-03,-1.11E+00,-2.48E-03,5.72E-05,3.01E-04,-3.34E-05
722,-4.72E-03,-7.74E-03,-1.91E-04,-1.15E-03,2.45E-02,1.63E-04
723,-7.74E-04,8.38E-03,4.80E-04,2.44E-04,2.45E-02,-1.38E-04
,,,,,,
,,,,,,
,,,,,,
,,,,,,
,,,,,,
,,,,,,
,,,,,,
$FREQUENCY =   0.1940000E+04,,,,,,
720,-9.15E-04,-1.12E+00,-1.14E-03,5.08E-05,2.71E-04,-3.00E-05
721,-9.15E-04,-1.12E+00,-1.14E-03,5.08E-05,2.71E-04,-3.00E-05
722,-4.52E-03,-6.88E-03,-1.93E-04,-1.01E-03,2.33E-02,1.60E-04
723,-7.32E-04,8.45E-03,4.49E-04,2.50E-04,2.30E-02,-1.42E-04
,,,,,,
,,,,,,
,,,,,,
,,,,,,
,,,,,,
,,,,,,
,,,,,,
$FREQUENCY =   0.1950000E+04,,,,,,
720,-3.34E-03,-1.13E+00,2.91E-04,4.42E-05,2.36E-04,-2.58E-05
721,-3.34E-03,-1.13E+00,2.91E-04,4.42E-05,2.36E-04,-2.58E-05
722,-4.25E-03,-5.98E-03,-1.75E-04,-8.56E-04,2.18E-02,1.55E-04
723,-6.80E-04,8.35E-03,4.17E-04,2.49E-04,2.12E-02,-1.42E-04
,,,,,,
,,,,,,
,,,,,,
,,,,,,
,,,,,,
,,,,,,
,,,,,,
$FREQUENCY =   0.1960000E+04,,,,,,
720,-5.89E-03,-1.15E+00,1.80E-03,3.72E-05,1.99E-04,-2.12E-05
721,-5.89E-03,-1.15E+00,1.80E-03,3.72E-05,1.99E-04,-2.12E-05
722,-3.96E-03,-5.09E-03,-1.47E-04,-7.09E-04,2.01E-02,1.47E-04
723,-6.24E-04,8.12E-03,3.82E-04,2.45E-04,1.93E-02,-1.41E-04
,,,,,,
,,,,,,
,,,,,,
,,,,,,
,,,,,,
,,,,,,
,,,,,,
$FREQUENCY =   0.1970000E+04,,,,,,
720,-8.51E-03,-1.16E+00,3.22E-03,3.75E-05,1.89E-04,-2.61E-05
721,-8.51E-03,-1.16E+00,3.22E-03,3.75E-05,1.89E-04,-2.61E-05
722,-3.64E-03,-4.57E-03,-2.00E-04,-6.11E-04,1.96E-02,1.46E-04
723,-5.80E-04,8.25E-03,3.76E-04,2.52E-04,1.86E-02,-1.44E-04
,,,,,,
,,,,,,
,,,,,,
,,,,,,
,,,,,,
,,,,,,
,,,,,,
$FREQUENCY =   0.1980000E+04,,,,,,
720,-1.14E-02,-1.18E+00,4.99E-03,2.60E-05,1.38E-04,-1.59E-05
721,-1.14E-02,-1.18E+00,4.99E-03,2.60E-05,1.38E-04,-1.59E-05
722,-3.27E-03,-3.53E-03,-1.41E-04,-4.53E-04,1.68E-02,1.30E-04
723,-5.05E-04,7.45E-03,3.14E-04,2.29E-04,1.56E-02,-1.32E-04
,,,,,,
,,,,,,
,,,,,,
,,,,,,
,,,,,,
,,,,,,
,,,,,,
$FREQUENCY =   0.1990000E+04,,,,,,
720,-1.44E-02,-1.20E+00,6.77E-03,1.94E-05,1.03E-04,-1.17E-05
721,-1.44E-02,-1.20E+00,6.77E-03,1.94E-05,1.03E-04,-1.17E-05
722,-2.86E-03,-2.74E-03,-1.17E-04,-3.31E-04,1.46E-02,1.16E-04
723,-4.34E-04,6.76E-03,2.69E-04,2.10E-04,1.33E-02,-1.21E-04
,,,,,,
,,,,,,
,,,,,,
,,,,,,
,,,,,,
,,,,,,
,,,,,,
$FREQUENCY =   0.2000000E+04,,,,,,
720,-1.76E-02,-1.22E+00,8.65E-03,1.33E-05,7.07E-05,-8.00E-06
721,-1.76E-02,-1.22E+00,8.65E-03,1.33E-05,7.07E-05,-8.00E-06
722,-2.38E-03,-2.01E-03,-9.43E-05,-2.22E-04,1.21E-02,9.90E-05
723,-3.56E-04,5.85E-03,2.21E-04,1.83E-04,1.09E-02,-1.06E-04
